{"type": "FeatureCollection", "features": [{"id": "B001", "type": "Feature", "geometry": {"type": "MultiPolygon", "coordinates": [[[[127.0024291, 37.5778521], [127.0024458, 37.5769507], [127.0025375, 37.5768422], [127.0031411, 37.57692], [127.0034968, 37.5768731], [127.0041171, 37.5768869], [127.0041217, 37.5770729], [127.0045253, 37.5770723], [127.0045096, 37.5780473], [127.0045087, 37.578068], [127.0045074, 37.5781], [127.0044952, 37.5783852], [127.0044763, 37.57883], [127.0044638, 37.5791257], [127.0044622, 37.5796913], [127.0044512, 37.5799523], [127.0033539, 37.5797099], [127.0023981, 37.5795776], [127.0024291, 37.5778521]]]]}, "properties": {"id": "B001", "name": "한국방송통신대학교", "school_type": "방송통신대학"}}, {"id": "C001", "type": "Feature", "geometry": {"type": "MultiPolygon", "coordinates": [[[[126.8689649, 37.500353], [126.8685539, 37.5005397], [126.8685002, 37.5005462], [126.8679634, 37.5008125], [126.8677261, 37.5009302], [126.8678449, 37.5010669], [126.8674927, 37.5012764], [126.8668764, 37.501828], [126.8672454, 37.5021367], [126.8669085, 37.5023765], [126.8665585, 37.501898], [126.8660304, 37.5017498], [126.8662358, 37.50116], [126.8668227, 37.5006323], [126.8676003, 37.4998602], [126.8684073, 37.4998136], [126.8687399, 37.4997787], [126.8688111, 37.4999604], [126.8689649, 37.500353]]]]}, "properties": {"id": "C001", "name": "동양미래대학교", "school_type": "전문대학"}}, {"id": "C002", "type": "Feature", "geometry": {"type": "MultiPolygon", "coordinates": [[[[126.9244227, 37.5852375], [126.924281, 37.5852474], [126.9242695, 37.5848725], [126.9242436, 37.584783], [126.92417, 37.5847619], [126.9242134, 37.5844544], [126.9242618, 37.5844043], [126.9253347, 37.5833713], [126.925918, 37.5837047], [126.9261966, 37.5834062], [126.9264071, 37.5834821], [126.9267498, 37.5835292], [126.9269428, 37.583541], [126.9265396, 37.5839543], [126.9264451, 37.5839962], [126.9259301, 37.5845659], [126.92558, 37.5849254], [126.9256673, 37.585144], [126.9258067, 37.5854118], [126.9257209, 37.5855011], [126.9255278, 37.5854543], [126.9252918, 37.5853481], [126.9249377, 37.5853225], [126.9244227, 37.5852375]]]]}, "properties": {"id": "C002", "name": "명지전문대학", "school_type": "전문대학"}}, {"id": "C003", "type": "Feature", "geometry": {"type": "MultiPolygon", "coordinates": [[[[126.9655786, 37.5780511], [126.9656727, 37.5780497], [126.9656744, 37.5780106], [126.9660992, 37.5779972], [126.9660972, 37.5780436], [126.9662819, 37.5780409], [126.9663006, 37.5780406], [126.9668764, 37.5781938], [126.9672341, 37.5781877], [126.9675295, 37.5781101], [126.967593, 37.5780462], [126.9676346, 37.5780007], [126.9676283, 37.5778713], [126.9676282, 37.5778088], [126.967691, 37.5778057], [126.9676897, 37.5778585], [126.9681185, 37.5778507], [126.9681697, 37.5779644], [126.9684361, 37.5779441], [126.9684465, 37.5781413], [126.9683802, 37.5781557], [126.9683861, 37.5782142], [126.968273, 37.5782296], [126.9680673, 37.5782648], [126.9680417, 37.5785205], [126.9681324, 37.5787003], [126.9681543, 37.5787438], [126.9681595, 37.5788656], [126.9682688, 37.5788966], [126.9682447, 37.5790457], [126.9681553, 37.5790537], [126.968129, 37.57911], [126.9679369, 37.5791192], [126.9679085, 37.5789914], [126.9676575, 37.5788737], [126.967421, 37.5788966], [126.9673853, 37.5792009], [126.9674065, 37.5794257], [126.9674936, 37.5795678], [126.9674014, 37.5796652], [126.9671709, 37.5796368], [126.966797, 37.5795191], [126.9664384, 37.5794582], [126.966295, 37.5792958], [126.9657459, 37.5792641], [126.9657143, 37.5793527], [126.965655, 37.5793962], [126.965595, 37.5794122], [126.9652101, 37.5794888], [126.9648258, 37.5794826], [126.9647963, 37.5793301], [126.9649422, 37.5786446], [126.9655786, 37.5780511]]]]}, "properties": {"id": "C003", "name": "배화여자대학교", "school_type": "전문대학"}}, {"id": "C004", "type": "Feature", "geometry": {"type": "MultiPolygon", "coordinates": [[[[127.0631337, 37.5891635], [127.0636009, 37.5891607], [127.0636433, 37.5891971], [127.0637141, 37.5892813], [127.0639335, 37.5893878], [127.0640574, 37.5894299], [127.0642556, 37.5894383], [127.0644927, 37.5893149], [127.064606, 37.589357], [127.0647157, 37.5892897], [127.0647511, 37.5891915], [127.064744, 37.589113], [127.0652395, 37.5888847], [127.0656642, 37.5886783], [127.0661101, 37.5884652], [127.0663331, 37.5883726], [127.0664004, 37.5883979], [127.0666446, 37.5885773], [127.0668569, 37.5885297], [127.0669171, 37.5885549], [127.0670587, 37.5886895], [127.0670657, 37.5889335], [127.0670126, 37.5892364], [127.0663296, 37.5892364], [127.066004, 37.5891719], [127.0657739, 37.5892616], [127.0650944, 37.5893167], [127.0650696, 37.5897216], [127.0647228, 37.5897468], [127.0644927, 37.5897833], [127.0643087, 37.5897861], [127.064061, 37.5897524], [127.0638521, 37.5897188], [127.0636752, 37.5896795], [127.0634911, 37.5896066], [127.0633496, 37.5895617], [127.0632505, 37.5895112], [127.0631585, 37.5894103], [127.0631231, 37.5892953], [127.0631337, 37.5891635]]]]}, "properties": {"id": "C004", "name": "삼육보건대학교", "school_type": "전문대학"}}, {"id": "C005", "type": "Feature", "geometry": {"type": "MultiPolygon", "coordinates": [[[[126.9474194, 37.5979112], [126.946951, 37.5974034], [126.9475981, 37.5970763], [126.9479555, 37.5975011], [126.9478476, 37.5976646], [126.9474194, 37.5979112]]]]}, "properties": {"id": "C005", "name": "서울여자간호대학교", "school_type": "전문대학"}}, {"id": "C006", "type": "Feature", "geometry": {"type": "MultiPolygon", "coordinates": [[[[127.0980946, 37.585898], [127.0981133, 37.5860535], [127.0980993, 37.5862533], [127.098146, 37.5864013], [127.0983468, 37.5864864], [127.0984215, 37.5867159], [127.0985523, 37.5868158], [127.0986363, 37.5872451], [127.0981302, 37.587439], [127.0982234, 37.5875615], [127.0982728, 37.5877918], [127.0979074, 37.5879208], [127.0976188, 37.5874485], [127.0970852, 37.5863973], [127.0967989, 37.5864795], [127.0966114, 37.5861239], [127.0969178, 37.5860089], [127.0966609, 37.5856279], [127.0971373, 37.5854614], [127.0975202, 37.585491], [127.0980946, 37.585898]]]]}, "properties": {"id": "C006", "name": "서일대학교", "school_type": "전문대학"}}, {"id": "C007", "type": "Feature", "geometry": {"type": "MultiPolygon", "coordinates": [[[[126.9877986, 37.5561337], [126.9878157, 37.5562097], [126.9879006, 37.5562063], [126.9879237, 37.5562209], [126.9879209, 37.556249], [126.9879219, 37.5563144], [126.9878422, 37.5563168], [126.9878444, 37.5563827], [126.987852, 37.5565439], [126.9878553, 37.5565813], [126.9878932, 37.5567391], [126.9878915, 37.5567483], [126.9878797, 37.5568115], [126.9879505, 37.5568758], [126.9879847, 37.5568717], [126.9880345, 37.5568676], [126.9880354, 37.5568815], [126.9881086, 37.5569476], [126.9880212, 37.5571185], [126.9879707, 37.5572012], [126.9878065, 37.5574698], [126.9876745, 37.5576858], [126.9875756, 37.5578252], [126.9875716, 37.5578308], [126.9875295, 37.5578902], [126.9875037, 37.557924], [126.9874539, 37.5579871], [126.987351, 37.5580623], [126.9873431, 37.5580449], [126.98725, 37.5578398], [126.9872414, 37.5578397], [126.9872295, 37.5578396], [126.9872014, 37.5578393], [126.9871075, 37.5575289], [126.9871623, 37.5575177], [126.9871081, 37.557396], [126.9870906, 37.5573631], [126.9870113, 37.5572898], [126.9870086, 37.5572873], [126.9869732, 37.5572676], [126.9867442, 37.5571865], [126.9867161, 37.5571823], [126.9864063, 37.5571356], [126.9861703, 37.5568548], [126.9864495, 37.5566097], [126.9866394, 37.5562301], [126.9868895, 37.5561122], [126.9871937, 37.5561069], [126.9872604, 37.556148], [126.9877986, 37.5561337]]]]}, "properties": {"id": "C007", "name": "숭의여자대학교", "school_type": "전문대학"}}, {"id": "C008", "type": "Feature", "geometry": {"type": "MultiPolygon", "coordinates": [[[[127.0550497, 37.6291761], [127.0554425, 37.629566], [127.0558556, 37.6300623], [127.056032, 37.6302091], [127.0563706, 37.630985], [127.0551852, 37.6314004], [127.0559237, 37.6326032], [127.0561331, 37.6325401], [127.0563682, 37.632944], [127.0559337, 37.6330925], [127.0554929, 37.6332112], [127.0550218, 37.6333174], [127.0539439, 37.6326741], [127.0536996, 37.6326271], [127.0535512, 37.6325012], [127.053544, 37.6323444], [127.053577, 37.6322467], [127.0535647, 37.632139], [127.0533096, 37.6319596], [127.0530604, 37.6318442], [127.0530087, 37.6317658], [127.0530661, 37.6316011], [127.0532346, 37.6312081], [127.0537109, 37.6306353], [127.0536844, 37.6305895], [127.0539535, 37.6302937], [127.0546483, 37.6296781], [127.0546919, 37.6295688], [127.0550497, 37.6291761]]]]}, "properties": {"id": "C008", "name": "인덕대학교", "school_type": "전문대학"}}, {"id": "C009", "type": "Feature", "geometry": {"type": "MultiPolygon", "coordinates": [[[[127.0496964, 37.5577148], [127.0505332, 37.5579104], [127.0508363, 37.5580677], [127.0506083, 37.5586071], [127.0503272, 37.5593307], [127.0499839, 37.5592479], [127.0498473, 37.5592371], [127.0496816, 37.559244], [127.0495621, 37.5592772], [127.0492399, 37.559288], [127.0493406, 37.5596101], [127.0492853, 37.5597895], [127.0492732, 37.5598907], [127.0491975, 37.5598495], [127.0488783, 37.5593052], [127.0483654, 37.5589021], [127.0484633, 37.5588061], [127.0485927, 37.5587962], [127.0486377, 37.5586719], [127.0486841, 37.5585651], [127.0485867, 37.5585586], [127.0485965, 37.5585261], [127.0486154, 37.5584667], [127.0486186, 37.5584454], [127.0486411, 37.558368], [127.0487059, 37.5582064], [127.0487309, 37.5581512], [127.0482126, 37.5580036], [127.0482276, 37.5579532], [127.0479365, 37.5578564], [127.0479626, 37.557808], [127.0480718, 37.5576057], [127.0483314, 37.5571247], [127.0483537, 37.5570834], [127.048779, 37.5572276], [127.0491573, 37.5573559], [127.0493003, 37.5574044], [127.0492812, 37.5574397], [127.0493731, 37.5574854], [127.0495547, 37.5575757], [127.0496475, 37.55758], [127.0496964, 37.5577148]]]]}, "properties": {"id": "C009", "name": "한양여자대학교", "school_type": "전문대학"}}, {"id": "E001", "type": "Feature", "geometry": {"type": "MultiPolygon", "coordinates": [[[[127.0143229, 37.4911904], [127.0143482, 37.4910457], [127.0143556, 37.4910032], [127.0144557, 37.4902746], [127.0144641, 37.4902132], [127.0146664, 37.4889969], [127.0147907, 37.488544], [127.0153274, 37.488706], [127.0157669, 37.4888436], [127.0167983, 37.4891465], [127.0173499, 37.4893196], [127.0177868, 37.4894578], [127.0181382, 37.4895685], [127.0185184, 37.4896846], [127.0187525, 37.4897526], [127.0182798, 37.4906615], [127.0181422, 37.4909022], [127.0180889, 37.4909887], [127.0180575, 37.4910256], [127.017959, 37.4910635], [127.0177053, 37.4911159], [127.0173554, 37.4911305], [127.0172028, 37.4911898], [127.0170067, 37.4913291], [127.0168622, 37.4915099], [127.0143094, 37.4912571], [127.0143229, 37.4911904]]]]}, "properties": {"id": "E001", "name": "서울교육대학교", "school_type": "교육대학"}}, {"id": "M001", "type": "Feature", "geometry": {"type": "MultiPolygon", "coordinates": [[[[127.0551235, 37.6012666], [127.0552402, 37.6011762], [127.0553974, 37.6010545], [127.0554721, 37.6009965], [127.0558881, 37.6011497], [127.0561945, 37.6012625], [127.0577644, 37.6014603], [127.0575674, 37.6011164], [127.0583643, 37.6010756], [127.0591789, 37.6010333], [127.059346, 37.6012775], [127.0596283, 37.6014341], [127.0600963, 37.6015398], [127.0606056, 37.6019671], [127.0600453, 37.6021711], [127.0600263, 37.6024567], [127.0601831, 37.6028771], [127.0602634, 37.6030923], [127.0605317, 37.6034023], [127.0607995, 37.6035247], [127.0606973, 37.6036293], [127.06053, 37.6038], [127.06041, 37.60392], [127.06026, 37.6042], [127.0602007, 37.6044849], [127.0601591, 37.6045995], [127.0601163, 37.6046696], [127.0599078, 37.6049795], [127.0595818, 37.6052773], [127.0592491, 37.605658], [127.0591258, 37.6056385], [127.0591012, 37.6057264], [127.0586883, 37.6056678], [127.0586021, 37.6058972], [127.0582077, 37.6064049], [127.0578564, 37.6068834], [127.0575976, 37.6071567], [127.0574497, 37.6072202], [127.0562296, 37.6072544], [127.0562543, 37.6073764], [127.0564083, 37.6076888], [127.0565978, 37.6077949], [127.0568027, 37.6079183], [127.0566389, 37.608053], [127.0566141, 37.6080763], [127.0565626, 37.6081158], [127.0560769, 37.6085154], [127.0560398, 37.6085459], [127.0556812, 37.6088409], [127.0555641, 37.608836], [127.0554779, 37.6088555], [127.0553546, 37.608753], [127.0554224, 37.6082112], [127.055367, 37.6075766], [127.0553053, 37.6073192], [127.0543642, 37.6065128], [127.0540853, 37.6066299], [127.0539408, 37.6067296], [127.0534752, 37.6062194], [127.0534012, 37.6061072], [127.0534553, 37.6058576], [127.0539855, 37.6056202], [127.0540998, 37.605569], [127.0543188, 37.6058581], [127.0543213, 37.6061672], [127.0545268, 37.606374], [127.0549638, 37.6058686], [127.0556076, 37.6060046], [127.0558221, 37.6057921], [127.0556365, 37.6056425], [127.0550604, 37.6054946], [127.0552535, 37.6052396], [127.054903, 37.6048808], [127.054847, 37.6047477], [127.0550525, 37.6046589], [127.0551531, 37.6043551], [127.0557623, 37.6043259], [127.0551248, 37.6036501], [127.0552249, 37.6035538], [127.0554417, 37.6032885], [127.0559835, 37.6033098], [127.0561825, 37.6035161], [127.0567685, 37.6040421], [127.0573758, 37.6043253], [127.0579057, 37.6043888], [127.0581153, 37.6044327], [127.0584973, 37.6042814], [127.0586822, 37.6040714], [127.0583432, 37.6038225], [127.056887, 37.6030638], [127.0560756, 37.602641], [127.0551235, 37.6012666]]]]}, "properties": {"id": "M001", "name": "한국예술종합학교", "school_type": "각종대학(대학)"}}, {"id": "P001", "type": "Feature", "geometry": {"type": "MultiPolygon", "coordinates": [[[[126.8401899, 37.5500218], [126.8402928, 37.549846], [126.8404647, 37.5496352], [126.840672, 37.5494313], [126.8408367, 37.5493255], [126.8410496, 37.5492228], [126.8412844, 37.5491512], [126.8415017, 37.5491164], [126.8416202, 37.5491169], [126.8434343, 37.5491255], [126.8436882, 37.549156], [126.8439407, 37.5492362], [126.8441274, 37.5493513], [126.8442862, 37.5495037], [126.8443777, 37.5496322], [126.844443, 37.5497725], [126.8444692, 37.5499438], [126.8426535, 37.5499268], [126.8426509, 37.5501187], [126.8424997, 37.5501869], [126.8421296, 37.5501833], [126.8420078, 37.5500963], [126.8404848, 37.5500825], [126.8401899, 37.5500218]]]]}, "properties": {"id": "P001", "name": "한국폴리텍Ⅰ대학 서울강서캠퍼스", "school_type": "기능대학"}}, {"id": "P002", "type": "Feature", "geometry": {"type": "MultiPolygon", "coordinates": [[[[126.9967222, 37.5281519], [126.9968969, 37.5285921], [126.9971997, 37.5290139], [126.9973588, 37.5294756], [126.9973394, 37.5295495], [126.9972501, 37.5297219], [126.9971104, 37.5298666], [126.9968581, 37.5301036], [126.996466, 37.5302853], [126.9961516, 37.5298081], [126.9958565, 37.5292878], [126.995185, 37.5294325], [126.9945833, 37.5287891], [126.995383, 37.5285952], [126.9958527, 37.5287491], [126.9959808, 37.5284813], [126.996136, 37.5281303], [126.9962913, 37.5279764], [126.9964031, 37.5279418], [126.9966523, 37.5279795], [126.9967222, 37.5281519]]]]}, "properties": {"id": "P002", "name": "한국폴리텍Ⅰ대학 서울정수캠퍼스", "school_type": "기능대학"}}, {"id": "U001", "type": "Feature", "geometry": {"type": "MultiPolygon", "coordinates": [[[[127.0030855, 37.5865319], [127.003012, 37.5864996], [127.0028898, 37.5860095], [127.0030623, 37.5858672], [127.0029784, 37.5853025], [127.0035211, 37.5849268], [127.0043607, 37.5845724], [127.0044963, 37.5845152], [127.0040778, 37.5839328], [127.0041568, 37.5838721], [127.0045994, 37.5842719], [127.0047941, 37.584506], [127.0049286, 37.5847066], [127.0054136, 37.5850428], [127.005436, 37.5850739], [127.0054382, 37.5851249], [127.0054819, 37.5851585], [127.0054746, 37.5852112], [127.0058539, 37.5852782], [127.0059194, 37.5852397], [127.0059466, 37.5851458], [127.0059899, 37.5849626], [127.0057254, 37.5848749], [127.0057666, 37.5847521], [127.005697, 37.584663], [127.0056736, 37.5845891], [127.005685, 37.5844796], [127.0057607, 37.584375], [127.0058739, 37.5843008], [127.0059463, 37.5842287], [127.0060255, 37.5841637], [127.0061579, 37.5840385], [127.0061686, 37.5839708], [127.0061883, 37.5838222], [127.0062097, 37.5837285], [127.0062487, 37.5836677], [127.0063477, 37.5835767], [127.0063935, 37.5834921], [127.0064056, 37.5833729], [127.006392, 37.5833003], [127.0064224, 37.5831245], [127.0069048, 37.5831615], [127.0073715, 37.5832207], [127.007387, 37.5833295], [127.0073684, 37.5833942], [127.0072694, 37.5835302], [127.0071292, 37.5837485], [127.0071302, 37.5839291], [127.0071218, 37.5841244], [127.0069799, 37.5842932], [127.0068985, 37.5845181], [127.0068546, 37.5846374], [127.0068364, 37.584856], [127.007009, 37.5853085], [127.0069456, 37.5854323], [127.0066767, 37.5853715], [127.0065476, 37.5855125], [127.0065976, 37.5860444], [127.0061744, 37.5865951], [127.005867, 37.5869465], [127.0051403, 37.5869513], [127.0042365, 37.5871445], [127.0039926, 37.5877676], [127.0038981, 37.5877228], [127.0037351, 37.5872528], [127.0036523, 37.5870662], [127.0035601, 37.5869436], [127.0034369, 37.5868024], [127.0033871, 37.5867252], [127.0033511, 37.5866596], [127.0033209, 37.5866224], [127.0032868, 37.5865803], [127.003233, 37.5865416], [127.0031689, 37.5865214], [127.0030855, 37.5865319]]]]}, "properties": {"id": "U001", "name": "가톨릭대학교 성신교정", "school_type": "일반대학"}}, {"id": "U002", "type": "Feature", "geometry": {"type": "MultiPolygon", "coordinates": [[[[127.0039462, 37.501655], [127.0044475, 37.4991136], [127.0048345, 37.4981762], [127.0053061, 37.4979376], [127.0054287, 37.497634], [127.0056969, 37.4976191], [127.0061824, 37.4977064], [127.0062575, 37.4978], [127.0061931, 37.4983405], [127.0060777, 37.4987001], [127.005898, 37.4988065], [127.0056934, 37.4995542], [127.0064407, 37.4996328], [127.006644, 37.4997889], [127.0066832, 37.4999946], [127.0069461, 37.500078], [127.0067678, 37.5008089], [127.006629, 37.5008619], [127.0064755, 37.5015561], [127.0063544, 37.501573], [127.0062099, 37.5022133], [127.0064819, 37.5023778], [127.006287, 37.5029272], [127.0050371, 37.502441], [127.0040155, 37.5019977], [127.0039462, 37.501655]]]]}, "properties": {"id": "U002", "name": "가톨릭대학교 성의교정", "school_type": "일반대학"}}, {"id": "U003", "type": "Feature", "geometry": {"type": "MultiPolygon", "coordinates": [[[[126.9619482, 37.5683013], [126.9616321, 37.5681958], [126.9607635, 37.5678538], [126.9607299, 37.5678507], [126.9607368, 37.5677168], [126.9607406, 37.5676417], [126.9606575, 37.5674428], [126.9605694, 37.5671989], [126.9605036, 37.5669644], [126.9605635, 37.5667826], [126.9608194, 37.5665969], [126.9614432, 37.5668856], [126.9617506, 37.5668288], [126.9620426, 37.5666501], [126.9622065, 37.5666298], [126.9626727, 37.5666826], [126.9632619, 37.566841], [126.964084, 37.5670653], [126.9640432, 37.5671244], [126.9638751, 37.5673559], [126.9637015, 37.567595], [126.9635204, 37.5677443], [126.9634722, 37.5677601], [126.9632234, 37.5678419], [126.9630415, 37.5678844], [126.9629603, 37.5679034], [126.9626582, 37.567974], [126.9624335, 37.5680425], [126.962361, 37.5680754], [126.9619482, 37.5683013]]]]}, "properties": {"id": "U003", "name": "감리교신학대학교", "school_type": "일반대학"}}, {"id": "U004", "type": "Feature", "geometry": {"type": "MultiPolygon", "coordinates": [[[[127.0729458, 37.5444944], [127.0728512, 37.5441917], [127.0726384, 37.5437584], [127.0725057, 37.5434822], [127.0717978, 37.5420093], [127.072219, 37.5418743], [127.0724268, 37.541819], [127.072569, 37.5417339], [127.0726508, 37.5416361], [127.0727473, 37.5414596], [127.0728171, 37.5413149], [127.0728788, 37.5411852], [127.0731899, 37.5409406], [127.072847, 37.5402989], [127.072446, 37.5395058], [127.0751252, 37.5387617], [127.075175, 37.5389087], [127.0752011, 37.5390555], [127.0752423, 37.5393046], [127.0752909, 37.5393313], [127.075383, 37.539326], [127.0767638, 37.539229], [127.0768655, 37.5392219], [127.076907, 37.539219], [127.0770079, 37.5390822], [127.0772598, 37.5390135], [127.0784388, 37.5390009], [127.0787285, 37.5389288], [127.0799672, 37.5387042], [127.0800705, 37.5391549], [127.0808257, 37.5390379], [127.0810036, 37.53985], [127.0809888, 37.5401474], [127.0808366, 37.5401938], [127.0809572, 37.5404479], [127.0824215, 37.5400682], [127.0829717, 37.5413315], [127.0823421, 37.5415185], [127.0820845, 37.5416566], [127.0820074, 37.5418196], [127.0814278, 37.541979], [127.0813995, 37.542133], [127.0812852, 37.5421444], [127.081263, 37.5423961], [127.078866, 37.5425316], [127.0785957, 37.5430628], [127.0786929, 37.5438086], [127.0788791, 37.5439156], [127.0796737, 37.543857], [127.0800024, 37.5442405], [127.0800454, 37.5448121], [127.0798227, 37.5449864], [127.0768874, 37.544883], [127.0760556, 37.5446861], [127.0757099, 37.5446249], [127.0755685, 37.544649], [127.0752268, 37.5446923], [127.0750366, 37.5446273], [127.0749265, 37.5445573], [127.0745129, 37.5446093], [127.0743415, 37.5446309], [127.0741014, 37.5446746], [127.0739136, 37.5446871], [127.0737812, 37.544685], [127.0735991, 37.5446607], [127.0734715, 37.5446369], [127.073375, 37.5446007], [127.0732704, 37.5445454], [127.073155, 37.5444859], [127.0729458, 37.5444944]]]]}, "properties": {"id": "U004", "name": "건국대학교 서울캠퍼스", "school_type": "일반대학"}}, {"id": "U005", "type": "Feature", "geometry": {"type": "MultiPolygon", "coordinates": [[[[126.9613191, 37.5646487], [126.961625, 37.56444], [126.9617451, 37.564475], [126.9619036, 37.5643652], [126.9616717, 37.5642551], [126.9615966, 37.5641275], [126.9616663, 37.5640382], [126.9619131, 37.5640807], [126.9621169, 37.5642211], [126.9625332, 37.5645727], [126.9627424, 37.5647556], [126.9625084, 37.5649457], [126.9627484, 37.5654728], [126.962648, 37.5655222], [126.9625783, 37.5655605], [126.9624388, 37.565552], [126.9623154, 37.5655052], [126.9621346, 37.5654415], [126.961914, 37.5654233], [126.9617023, 37.5651005], [126.9613191, 37.5646487]]]]}, "properties": {"id": "U005", "name": "경기대학교 서울캠퍼스", "school_type": "일반대학"}}, {"id": "U006", "type": "Feature", "geometry": {"type": "MultiPolygon", "coordinates": [[[[127.0561368, 37.5971408], [127.0562691, 37.5972249], [127.0562088, 37.597602], [127.055907, 37.5975778], [127.0557206, 37.5976147], [127.0555205, 37.5975908], [127.0553682, 37.5975372], [127.0553089, 37.598176], [127.0541851, 37.598092], [127.0541207, 37.5988232], [127.0539867, 37.5990362], [127.0534137, 37.599107], [127.0531847, 37.5993304], [127.0524441, 37.5995968], [127.051991, 37.6000021], [127.0520656, 37.6001321], [127.0518511, 37.6003826], [127.0515914, 37.6008389], [127.0514422, 37.6011076], [127.0513429, 37.6012863], [127.0511284, 37.6011521], [127.0509477, 37.6009731], [127.0504734, 37.6006153], [127.0503831, 37.6001321], [127.0502974, 37.600071], [127.0497055, 37.599649], [127.0494796, 37.5990406], [127.049098, 37.5987762], [127.0491103, 37.598405], [127.0488233, 37.5978882], [127.0486666, 37.5978059], [127.0482591, 37.5974404], [127.0479115, 37.5972857], [127.0478044, 37.5967776], [127.0474128, 37.5965161], [127.0472943, 37.5961656], [127.0476515, 37.5958855], [127.0474219, 37.5952365], [127.0474602, 37.5944344], [127.0484907, 37.594669], [127.048641, 37.5943794], [127.0487509, 37.5944204], [127.0489133, 37.5941532], [127.0494067, 37.5943249], [127.0496093, 37.5944002], [127.0497662, 37.5944013], [127.0497943, 37.5943577], [127.0497823, 37.5943163], [127.0499687, 37.5942546], [127.0500008, 37.5942122], [127.0500879, 37.5938969], [127.0501647, 37.5938545], [127.0504474, 37.593851], [127.0506177, 37.593323], [127.0505675, 37.5932159], [127.0505638, 37.5930671], [127.0505873, 37.5930639], [127.0505923, 37.5930788], [127.0508713, 37.5930878], [127.0511838, 37.5931417], [127.0511484, 37.5929834], [127.0513286, 37.5929646], [127.051338, 37.5930549], [127.0515552, 37.5930411], [127.0517993, 37.5930932], [127.0518945, 37.5931357], [127.0519031, 37.5932666], [127.0519565, 37.5933607], [127.0523411, 37.5933461], [127.0523564, 37.5936709], [127.0524926, 37.5936741], [127.0525459, 37.5937091], [127.0525538, 37.5937983], [127.05318, 37.5938237], [127.0532607, 37.5938005], [127.0534416, 37.5939289], [127.0536876, 37.5939603], [127.0538076, 37.5939539], [127.0538338, 37.5939092], [127.0538478, 37.5939056], [127.0539082, 37.5939236], [127.0540996, 37.5938578], [127.0541443, 37.5938034], [127.0542161, 37.5938023], [127.0542306, 37.5937996], [127.0542372, 37.5936238], [127.0544206, 37.5936223], [127.0544171, 37.5934821], [127.0544207, 37.5934586], [127.0546679, 37.5934552], [127.0546716, 37.5933558], [127.0547923, 37.5933272], [127.0547687, 37.5932581], [127.0548831, 37.5932474], [127.0549061, 37.5933027], [127.0550531, 37.5932841], [127.0550981, 37.5932936], [127.0551155, 37.5932994], [127.0551269, 37.5933212], [127.0551554, 37.5934234], [127.0549981, 37.5934738], [127.0553391, 37.5934141], [127.0553747, 37.5934651], [127.0554867, 37.5934327], [127.0555121, 37.5934996], [127.0556, 37.5934768], [127.055608, 37.5935044], [127.0557873, 37.5935251], [127.0557703, 37.5936946], [127.0559232, 37.593718], [127.056056, 37.5936457], [127.0561458, 37.5937212], [127.0562343, 37.593725], [127.0562243, 37.5939112], [127.0562181, 37.5940202], [127.0562303, 37.5943704], [127.0563483, 37.5948647], [127.0559483, 37.5950195], [127.0559492, 37.5953956], [127.0559263, 37.595614], [127.0559208, 37.5956666], [127.0559184, 37.5962234], [127.0558696, 37.5965938], [127.0557755, 37.596808], [127.0557785, 37.5969166], [127.0558954, 37.5970392], [127.0560564, 37.5971018], [127.0561368, 37.5971408]]]]}, "properties": {"id": "U006", "name": "경희대학교 서울캠퍼스", "school_type": "일반대학"}}, {"id": "U007", "type": "Feature", "geometry": {"type": "MultiPolygon", "coordinates": [[[[127.0306922, 37.5911737], [127.0304908, 37.5911374], [127.0300752, 37.5911961], [127.0298143, 37.5913241], [127.0295993, 37.5914896], [127.0293082, 37.5917138], [127.0292223, 37.5918155], [127.0291746, 37.591884], [127.0291381, 37.5919657], [127.0290942, 37.5920937], [127.029063, 37.5921411], [127.0290445, 37.5921643], [127.0290112, 37.59219], [127.0289663, 37.5922119], [127.0289087, 37.592227], [127.0288275, 37.5922337], [127.0287567, 37.5922411], [127.028684, 37.592253], [127.028616, 37.592282], [127.0285583, 37.5923132], [127.0285026, 37.5923481], [127.028461, 37.5923878], [127.0284305, 37.59242], [127.0283864, 37.5924846], [127.02836, 37.5925471], [127.0283159, 37.5926861], [127.0282895, 37.5927471], [127.0282538, 37.592795], [127.0282249, 37.5928251], [127.0281874, 37.5928567], [127.0281325, 37.5928864], [127.0280528, 37.5929152], [127.0279604, 37.5929333], [127.0278822, 37.592936], [127.0277855, 37.5929309], [127.0275003, 37.5929219], [127.02739, 37.5929489], [127.0273105, 37.5929743], [127.027249, 37.5930045], [127.0271578, 37.593082], [127.0270673, 37.5932003], [127.0269436, 37.5934208], [127.0268352, 37.5936391], [127.0267553, 37.5938777], [127.0266858, 37.594117], [127.0266418, 37.594218], [127.0266147, 37.5942829], [127.0265798, 37.594339], [127.0265286, 37.5943871], [127.0264584, 37.5944305], [127.0263891, 37.5944572], [127.0263185, 37.5944717], [127.026039, 37.5944954], [127.0254032, 37.594205], [127.0254527, 37.5940657], [127.025304, 37.5939606], [127.0252201, 37.5938824], [127.0246259, 37.5934062], [127.0245821, 37.5933605], [127.024135, 37.5928302], [127.0240442, 37.5926924], [127.0239581, 37.5925378], [127.023898, 37.5924231], [127.0238698, 37.5923279], [127.0238465, 37.5922314], [127.0238388, 37.5921018], [127.0238286, 37.5917857], [127.023826, 37.591656], [127.0238284, 37.5913763], [127.0238302, 37.5912113], [127.023839, 37.5911456], [127.0238691, 37.5909832], [127.0238913, 37.5909082], [127.0239251, 37.5908283], [127.0239803, 37.590733], [127.0240163, 37.5906872], [127.0240453, 37.5906469], [127.0241068, 37.5906016], [127.0246352, 37.590391], [127.0246857, 37.5903641], [127.0245785, 37.5901527], [127.0245118, 37.5900356], [127.0245041, 37.5900075], [127.0245026, 37.5899784], [127.0245143, 37.5899241], [127.024544, 37.5898638], [127.0245898, 37.589803], [127.0248581, 37.589544], [127.0251449, 37.5892894], [127.0252946, 37.5889415], [127.0253147, 37.5889303], [127.0255181, 37.5888621], [127.025679, 37.5888068], [127.0256982, 37.5888025], [127.0257847, 37.588715], [127.0258104, 37.5886858], [127.0259944, 37.5881982], [127.025993, 37.5880835], [127.0259689, 37.5879868], [127.0255895, 37.5874116], [127.0254883, 37.5871772], [127.0254327, 37.5869872], [127.0253592, 37.5864818], [127.0253573, 37.586381], [127.0247825, 37.5861152], [127.0244882, 37.5859755], [127.0244439, 37.5859266], [127.0243947, 37.5855221], [127.0243112, 37.5853989], [127.0242488, 37.585353], [127.0238509, 37.5851581], [127.0237965, 37.5850023], [127.0238097, 37.5847409], [127.0238648, 37.5846221], [127.0239704, 37.5844652], [127.0240635, 37.5842073], [127.0240668, 37.5840563], [127.0242526, 37.5834202], [127.0244332, 37.5832313], [127.0245138, 37.5831848], [127.0246901, 37.582736], [127.0248181, 37.5826804], [127.0251899, 37.5826745], [127.0256016, 37.5826412], [127.0259551, 37.5824093], [127.0259795, 37.5821499], [127.0259579, 37.5818175], [127.0263022, 37.5817068], [127.0262638, 37.5816021], [127.0264996, 37.5815475], [127.0266515, 37.581699], [127.0267208, 37.5818946], [127.026735, 37.5821032], [127.0268168, 37.5821425], [127.0269139, 37.5822022], [127.0271076, 37.582211], [127.0271168, 37.5822809], [127.0276403, 37.5822822], [127.0278078, 37.5825921], [127.0279143, 37.5826438], [127.0280279, 37.5826099], [127.0281894, 37.5824773], [127.0282523, 37.5824885], [127.0282707, 37.5825243], [127.0282333, 37.5825227], [127.0281065, 37.5826384], [127.0280866, 37.5826754], [127.0280985, 37.5827698], [127.0282452, 37.5831784], [127.028293, 37.5833982], [127.0285624, 37.5833946], [127.0285805, 37.5835137], [127.0286409, 37.5835631], [127.0288078, 37.5836277], [127.0288808, 37.5836241], [127.0288767, 37.5837413], [127.0288212, 37.5853665], [127.0286039, 37.5853876], [127.0282942, 37.5858002], [127.0284416, 37.5858626], [127.0284417, 37.5858926], [127.0281838, 37.585903], [127.0281252, 37.5860212], [127.0279888, 37.5860177], [127.0279798, 37.5861321], [127.0283555, 37.5863894], [127.0286723, 37.5863987], [127.0287819, 37.5865226], [127.028735, 37.5866062], [127.0287319, 37.5867814], [127.028681, 37.5868104], [127.0287158, 37.5869346], [127.0287181, 37.5870459], [127.0287188, 37.5872089], [127.0286616, 37.5872797], [127.0286598, 37.5873774], [127.0287197, 37.5874399], [127.0285826, 37.587936], [127.028546, 37.5880905], [127.0284838, 37.58819], [127.0283955, 37.5882761], [127.0282987, 37.5883588], [127.0280128, 37.588567], [127.0276882, 37.5887628], [127.0275768, 37.5890048], [127.0274531, 37.5892419], [127.0274181, 37.5892984], [127.0273841, 37.589377], [127.0272955, 37.5896985], [127.0272765, 37.5897337], [127.0272559, 37.5897635], [127.027224, 37.5897892], [127.0272463, 37.5897957], [127.0272778, 37.5898129], [127.0273309, 37.5898369], [127.0273445, 37.5899097], [127.0273249, 37.5899811], [127.0273571, 37.5901882], [127.0274906, 37.5902322], [127.0274981, 37.5903311], [127.027469, 37.5904946], [127.0276349, 37.5907817], [127.0279182, 37.5908169], [127.0282756, 37.5906811], [127.0284224, 37.5906795], [127.0285233, 37.5906129], [127.0291553, 37.590469], [127.0293224, 37.5904242], [127.0294262, 37.5905376], [127.0296078, 37.5904133], [127.0295736, 37.5903648], [127.0298186, 37.5902739], [127.0301161, 37.5902572], [127.0302735, 37.5902672], [127.0303899, 37.5904482], [127.0304328, 37.5904227], [127.0305642, 37.5905715], [127.0306474, 37.590631], [127.0307198, 37.5906692], [127.0307842, 37.590733], [127.030793, 37.5907761], [127.0306489, 37.5908712], [127.0306843, 37.5910099], [127.0307386, 37.5910986], [127.0308344, 37.5911278], [127.0309156, 37.5911304], [127.031044, 37.5910524], [127.0311245, 37.5910349], [127.0311114, 37.5909562], [127.031223, 37.5908111], [127.0310939, 37.5906241], [127.0310652, 37.5906177], [127.0308615, 37.5907281], [127.0307788, 37.5906331], [127.030921, 37.5905013], [127.0309451, 37.5904546], [127.0309451, 37.5903164], [127.0307863, 37.5901928], [127.0307148, 37.5901428], [127.0306128, 37.5900748], [127.0305213, 37.5900401], [127.0304602, 37.5900727], [127.0302654, 37.5898282], [127.0304483, 37.5895522], [127.0303348, 37.5893488], [127.0302187, 37.5889062], [127.0302357, 37.5888203], [127.0303752, 37.5887428], [127.0302971, 37.5885091], [127.0303415, 37.5882839], [127.0305188, 37.5881503], [127.0305328, 37.587992], [127.0304891, 37.5879237], [127.0303964, 37.5877706], [127.0304062, 37.5876134], [127.0304382, 37.5873727], [127.0299062, 37.586842], [127.0299914, 37.5866854], [127.0301711, 37.586753], [127.0302395, 37.5866943], [127.0302839, 37.586705], [127.0303714, 37.5865476], [127.0303889, 37.5865476], [127.0309333, 37.5865426], [127.0309376, 37.5864518], [127.031605, 37.5864829], [127.0321575, 37.5865035], [127.0321542, 37.5865757], [127.0323358, 37.5865767], [127.0323794, 37.5865651], [127.0324008, 37.5865471], [127.0324051, 37.5865169], [127.0324756, 37.5865157], [127.0325717, 37.5865189], [127.0326338, 37.5865207], [127.032776, 37.5866179], [127.0328574, 37.5866822], [127.0341264, 37.5879148], [127.0355153, 37.5892256], [127.0358496, 37.589664], [127.0360722, 37.5902352], [127.036112, 37.5903666], [127.0361506, 37.5912575], [127.036157, 37.5916217], [127.0361597, 37.5917291], [127.0359668, 37.5917799], [127.0359822, 37.5921583], [127.0360193, 37.592323], [127.035922, 37.5923676], [127.0356826, 37.5923921], [127.0356605, 37.5924357], [127.0355655, 37.5924369], [127.035468, 37.5924052], [127.0353383, 37.5923434], [127.0347755, 37.5919896], [127.0346139, 37.5918699], [127.0344352, 37.5917548], [127.0342533, 37.5916477], [127.0340649, 37.5915529], [127.0338962, 37.591504], [127.0337561, 37.5914635], [127.0335253, 37.5913967], [127.0333822, 37.5913562], [127.0329513, 37.5923392], [127.032408, 37.5923938], [127.0328133, 37.5915334], [127.0329393, 37.5913193], [127.0329775, 37.5912371], [127.0322866, 37.591031], [127.0319977, 37.5909455], [127.0317799, 37.5909298], [127.031562, 37.5909312], [127.0314361, 37.5909903], [127.031267, 37.5910964], [127.0310578, 37.5911751], [127.0308512, 37.5912027], [127.0306922, 37.5911737]]]]}, "properties": {"id": "U007", "name": "고려대학교 서울캠퍼스", "school_type": "일반대학"}}, {"id": "U008", "type": "Feature", "geometry": {"type": "MultiPolygon", "coordinates": [[[[127.05913, 37.620882], [127.0581238, 37.6194223], [127.0580649, 37.6193365], [127.0581091, 37.6193051], [127.0581771, 37.619157], [127.058449, 37.6189855], [127.0587311, 37.618724], [127.0586055, 37.6185932], [127.0587107, 37.6184709], [127.0590646, 37.6186746], [127.0595604, 37.6189327], [127.0597381, 37.6187383], [127.0597487, 37.6188118], [127.0598017, 37.6188812], [127.0599902, 37.6189204], [127.0600432, 37.6189601], [127.0602094, 37.6190847], [127.0607883, 37.6189976], [127.0609187, 37.6188679], [127.0614356, 37.6188802], [127.0613264, 37.6190677], [127.0612144, 37.6194023], [127.0611685, 37.6195642], [127.0611379, 37.6199655], [127.0610944, 37.6202386], [127.0610732, 37.6203595], [127.0608975, 37.6204098], [127.0607443, 37.6205106], [127.0600255, 37.6204452], [127.0599802, 37.6205694], [127.0597997, 37.6205701], [127.0593916, 37.6207178], [127.05913, 37.620882]]], [[[127.056663, 37.6220088], [127.0565673, 37.6218938], [127.0563003, 37.621573], [127.0558145, 37.6214557], [127.0558678, 37.621276], [127.0566865, 37.6213508], [127.0567377, 37.6213555], [127.0569765, 37.620357], [127.0567806, 37.619863], [127.0570174, 37.6198038], [127.0571488, 37.61973], [127.0573017, 37.6196083], [127.0573124, 37.6195883], [127.0574669, 37.6194754], [127.0578097, 37.6192249], [127.0583664, 37.6199361], [127.0577778, 37.6200896], [127.0578208, 37.6202544], [127.0572751, 37.6203795], [127.0573131, 37.6204855], [127.0575273, 37.6206785], [127.0574222, 37.6208812], [127.0569196, 37.6216762], [127.0567612, 37.6217715], [127.0568373, 37.6219076], [127.056663, 37.6220088]]]]}, "properties": {"id": "U008", "name": "광운대학교", "school_type": "일반대학"}}, {"id": "U009", "type": "Feature", "geometry": {"type": "MultiPolygon", "coordinates": [[[[126.9921319, 37.6125572], [126.9921396, 37.6120748], [126.9921564, 37.6120238], [126.9921774, 37.6119714], [126.992379, 37.6118624], [126.9924755, 37.6117444], [126.9938911, 37.611132], [126.9940064, 37.6111484], [126.9942565, 37.6110443], [126.9943175, 37.6110507], [126.9944235, 37.6110326], [126.9944999, 37.6111352], [126.9947366, 37.6110225], [126.9951323, 37.6108281], [126.9949874, 37.6106425], [126.9950463, 37.6106129], [126.9967323, 37.6097493], [126.9983348, 37.6091984], [126.9983869, 37.6092793], [126.9984174, 37.6093497], [126.9984572, 37.6093739], [126.9984403, 37.6093913], [126.9984657, 37.6094389], [126.9984479, 37.6094637], [126.9984614, 37.6094818], [126.9984157, 37.6094563], [126.9983929, 37.6094677], [126.9983675, 37.6094584], [126.9983336, 37.609518], [126.9984724, 37.6095851], [126.9985605, 37.6095341], [126.9986349, 37.6095583], [126.9986654, 37.6096414], [126.9985029, 37.6099659], [126.9985469, 37.6099793], [126.9987263, 37.6096253], [126.9986857, 37.6095958], [126.9987144, 37.6094412], [126.9991837, 37.6095028], [126.9991631, 37.6095556], [126.9992139, 37.609634], [126.9992501, 37.6096972], [126.99918, 37.6099015], [126.9991107, 37.6100663], [126.9989938, 37.6103441], [126.9989329, 37.6105533], [126.9989464, 37.6106713], [126.9990006, 37.6108268], [126.9990683, 37.6109207], [126.9991862, 37.6110364], [126.9993137, 37.6111108], [126.9994974, 37.6111833], [126.9996494, 37.611235], [126.9997541, 37.611253], [126.9997859, 37.6112584], [126.9998141, 37.6113248], [126.9997858, 37.6113829], [126.9996985, 37.6115754], [126.9996117, 37.6117627], [126.999568, 37.6118395], [126.9995004, 37.6119011], [126.9993199, 37.6119697], [126.9990684, 37.6119532], [126.9988498, 37.6119144], [126.9985836, 37.6119213], [126.9981516, 37.6120655], [126.9980827, 37.6121141], [126.998025, 37.6122671], [126.9980125, 37.6123112], [126.9979995, 37.6123601], [126.9979639, 37.6124301], [126.9978775, 37.612504], [126.997667, 37.6125975], [126.9974524, 37.6126368], [126.9972508, 37.6126721], [126.9969354, 37.6126873], [126.9967227, 37.6126797], [126.9959423, 37.6120111], [126.995481, 37.6119399], [126.9954568, 37.6120504], [126.995261, 37.6121025], [126.995084, 37.612026], [126.9941533, 37.6125678], [126.9941251, 37.6129608], [126.9942713, 37.6133008], [126.994345, 37.613457], [126.9943316, 37.6135547], [126.9942579, 37.6136822], [126.9931984, 37.6139425], [126.9921319, 37.6125572]]]]}, "properties": {"id": "U009", "name": "국민대학교", "school_type": "일반대학"}}, {"id": "U010", "type": "Feature", "geometry": {"type": "MultiPolygon", "coordinates": [[[[126.8546036, 37.5491743], [126.8543383, 37.5490313], [126.8538343, 37.5485433], [126.8537176, 37.5484971], [126.853394, 37.5483498], [126.8531005, 37.5482225], [126.8531555, 37.5481396], [126.8536592, 37.5482531], [126.8539306, 37.5481787], [126.8550704, 37.5478661], [126.8548529, 37.5476811], [126.8550917, 37.547496], [126.8553747, 37.5476857], [126.8554683, 37.5477484], [126.8558185, 37.5482363], [126.8558557, 37.5482691], [126.8559352, 37.5483414], [126.8559723, 37.548476], [126.8558874, 37.5485896], [126.8558503, 37.5489093], [126.8546036, 37.5491743]]]]}, "properties": {"id": "U010", "name": "그리스도대학교", "school_type": "일반대학"}}, {"id": "U011", "type": "Feature", "geometry": {"type": "MultiPolygon", "coordinates": [[[[127.0162265, 37.6491089], [127.0169279, 37.6489329], [127.0169759, 37.6490373], [127.0173819, 37.6489746], [127.0178452, 37.648957], [127.0184516, 37.6489633], [127.0186291, 37.6489633], [127.0185077, 37.6492166], [127.0184373, 37.6493637], [127.0183776, 37.6495203], [127.0182834, 37.6499381], [127.0183464, 37.6499674], [127.0184045, 37.6499945], [127.0195162, 37.6497985], [127.0197844, 37.64978], [127.0198582, 37.649789], [127.0199092, 37.6498203], [127.0199539, 37.6498765], [127.0199625, 37.6499653], [127.0200741, 37.6500168], [127.0201358, 37.6500444], [127.0201325, 37.6501832], [127.0199692, 37.6502533], [127.0197871, 37.6503454], [127.0196034, 37.6504627], [127.0193848, 37.65063], [127.0189878, 37.6509602], [127.0187424, 37.6511773], [127.0182569, 37.651618], [127.0175931, 37.6522036], [127.0171968, 37.6525831], [127.0169467, 37.6528672], [127.0163548, 37.653672], [127.0160589, 37.6540999], [127.0146842, 37.6539258], [127.0146783, 37.6535019], [127.0146574, 37.6529665], [127.0147117, 37.6526771], [127.0148525, 37.6522471], [127.0148841, 37.6520676], [127.0148978, 37.6518973], [127.0148532, 37.6515776], [127.0147379, 37.6509527], [127.0147141, 37.650819], [127.014699, 37.6506501], [127.0150651, 37.6506623], [127.0151094, 37.6503565], [127.0152891, 37.6503677], [127.0152944, 37.650262], [127.0153373, 37.6499514], [127.0154755, 37.6496467], [127.0152676, 37.6495203], [127.0155808, 37.6493133], [127.0156619, 37.6492761], [127.015794, 37.6492331], [127.0162265, 37.6491089]]]]}, "properties": {"id": "U011", "name": "덕성여자대학교", "school_type": "일반대학"}}, {"id": "U012", "type": "Feature", "geometry": {"type": "MultiPolygon", "coordinates": [[[[126.9992351, 37.5606494], [126.9989134, 37.5605752], [126.9987488, 37.5604299], [126.9986216, 37.5602253], [126.9983597, 37.5603261], [126.9981641, 37.560036], [126.9982038, 37.5599124], [126.9980308, 37.5599012], [126.9980365, 37.5597551], [126.9982491, 37.5597798], [126.9982832, 37.5595304], [126.9982009, 37.5595124], [126.9982662, 37.5591043], [126.9987039, 37.558787], [126.9985724, 37.558482], [126.9979685, 37.5586389], [126.9975143, 37.5583421], [126.9978771, 37.5579744], [126.9983822, 37.5578024], [126.998644, 37.5578558], [126.998775, 37.5575236], [126.9991902, 37.5574109], [126.9992127, 37.5572389], [126.9991416, 37.5570669], [126.9993212, 37.5569008], [126.9995531, 37.5567615], [126.9998037, 37.5567288], [126.9998524, 37.5567259], [126.9996504, 37.5562306], [127.0012328, 37.5558925], [127.0014722, 37.5567259], [127.0022429, 37.5565123], [127.0024746, 37.556485], [127.0026955, 37.556459], [127.003324, 37.5571351], [127.0033727, 37.5573101], [127.0032006, 37.5573576], [127.0033253, 37.5576658], [127.0036345, 37.5575948], [127.0037729, 37.5578499], [127.003844, 37.5581939], [127.0037259, 37.5583795], [127.0035462, 37.5586701], [127.0035623, 37.5588203], [127.003345, 37.5588295], [127.0033262, 37.558792], [127.0033048, 37.5587438], [127.0026207, 37.5582769], [127.0023813, 37.5583926], [127.0021718, 37.5581701], [127.0019137, 37.5581998], [127.0015396, 37.5581761], [127.0012328, 37.5582828], [127.0011542, 37.5584222], [127.0008961, 37.5585023], [127.0007876, 37.558615], [127.000638, 37.5587277], [127.000406, 37.5587929], [127.0004135, 37.5588344], [127.0000469, 37.5589264], [126.9999758, 37.5591458], [127.0000076, 37.5592487], [127.0003023, 37.5591564], [127.0005609, 37.5599076], [127.0008012, 37.5598572], [127.0008516, 37.5601169], [127.0007467, 37.5601436], [127.0007907, 37.5602798], [127.0004622, 37.5603528], [127.0000714, 37.5604473], [126.9992351, 37.5606494]]]]}, "properties": {"id": "U012", "name": "동국대학교 서울캠퍼스", "school_type": "일반대학"}}, {"id": "U013", "type": "Feature", "geometry": {"type": "MultiPolygon", "coordinates": [[[[127.0415134, 37.6054016], [127.0415701, 37.6053225], [127.0418696, 37.6054988], [127.0420865, 37.6055437], [127.042169, 37.6056485], [127.0422547, 37.6056583], [127.0423347, 37.6057425], [127.0426129, 37.605787], [127.0429317, 37.6059218], [127.0428962, 37.6060552], [127.0429741, 37.6064653], [127.0429426, 37.606654], [127.0429463, 37.6068287], [127.0429633, 37.6068313], [127.043744, 37.6069498], [127.0436549, 37.6068074], [127.0438419, 37.6066878], [127.0438689, 37.6066536], [127.0438679, 37.6066058], [127.0438361, 37.6065773], [127.0438031, 37.6064859], [127.0437809, 37.6064535], [127.0437995, 37.6064233], [127.044361, 37.6064261], [127.044409, 37.6064308], [127.0444496, 37.6064501], [127.0444744, 37.6064886], [127.0444641, 37.6065358], [127.044361, 37.6067997], [127.0441822, 37.6070542], [127.0440365, 37.6074382], [127.0440369, 37.6075203], [127.0441846, 37.6076952], [127.0440254, 37.6077482], [127.0439638, 37.6076827], [127.043096, 37.6076121], [127.0418702, 37.6075202], [127.0417653, 37.607312], [127.0412287, 37.6070316], [127.0408908, 37.6066393], [127.0408608, 37.6065163], [127.0408947, 37.6064479], [127.0409204, 37.6061282], [127.0409258, 37.6060662], [127.0409037, 37.6059846], [127.040451, 37.6059917], [127.0402911, 37.6056767], [127.0405744, 37.6056138], [127.0406272, 37.6051575], [127.0407631, 37.6051553], [127.0409842, 37.6051971], [127.041396, 37.6053633], [127.0414514, 37.6053857], [127.0415134, 37.6054016]]]]}, "properties": {"id": "U013", "name": "동덕여자대학교", "school_type": "일반대학"}}, {"id": "U014", "type": "Feature", "geometry": {"type": "MultiPolygon", "coordinates": [[[[126.9219139, 37.5791522], [126.9222241, 37.5788971], [126.922554, 37.5786259], [126.9225632, 37.5786183], [126.9228103, 37.5787897], [126.9229887, 37.5789134], [126.9249931, 37.5803034], [126.9248082, 37.5811726], [126.9239948, 37.5810896], [126.9238531, 37.5813191], [126.9229041, 37.5811726], [126.9228487, 37.5809089], [126.9228487, 37.5808161], [126.9224605, 37.5806794], [126.9224605, 37.5805915], [126.9219059, 37.5805329], [126.9209981, 37.5802282], [126.9211896, 37.5800696], [126.9219139, 37.5791522]]]]}, "properties": {"id": "U014", "name": "명지대학교 인문캠퍼스", "school_type": "일반대학"}}, {"id": "U015", "type": "Feature", "geometry": {"type": "MultiPolygon", "coordinates": [[[[127.1091086, 37.6435814], [127.1088069, 37.6440599], [127.1081943, 37.6439491], [127.1079911, 37.6443055], [127.1077487, 37.6447447], [127.1071043, 37.6450107], [127.106527, 37.6451073], [127.105872, 37.6450798], [127.1050391, 37.6451652], [127.1043073, 37.6452059], [127.1038357, 37.6450944], [127.1027502, 37.6446437], [127.1022583, 37.6439838], [127.1020667, 37.6437154], [127.1018355, 37.6433915], [127.1013964, 37.642429], [127.0986022, 37.6415798], [127.0985774, 37.6410272], [127.0985656, 37.6407653], [127.098577, 37.6404879], [127.0999717, 37.640267], [127.1019242, 37.6411241], [127.1031997, 37.6416913], [127.1044925, 37.641792], [127.1057199, 37.6417385], [127.10609, 37.6411582], [127.1068599, 37.6401681], [127.107283, 37.6396494], [127.1072498, 37.6385178], [127.1074994, 37.638504], [127.107606, 37.6384286], [127.1076757, 37.6384037], [127.1077595, 37.6384005], [127.1089072, 37.6391948], [127.1105664, 37.6404228], [127.111479, 37.6412746], [127.1110578, 37.6424641], [127.1109247, 37.642511], [127.1099848, 37.642232], [127.1091086, 37.6435814]]]]}, "properties": {"id": "U015", "name": "삼육대학교", "school_type": "일반대학"}}, {"id": "U016", "type": "Feature", "geometry": {"type": "MultiPolygon", "coordinates": [[[[126.9565304, 37.6022772], [126.9564102, 37.6024227], [126.956527, 37.6024571], [126.9565705, 37.602547], [126.956891, 37.6027004], [126.9569511, 37.6028565], [126.9570346, 37.6030337], [126.9572015, 37.6031448], [126.9572349, 37.6032295], [126.9575688, 37.60333], [126.9574853, 37.6034782], [126.9575588, 37.6037744], [126.957462, 37.6039199], [126.9572817, 37.6041845], [126.9571581, 37.6044067], [126.9570163, 37.6044639], [126.9568604, 37.6044771], [126.9567129, 37.6043912], [126.9563567, 37.6042495], [126.9561977, 37.6042256], [126.955996, 37.6042433], [126.9558473, 37.6042618], [126.9555778, 37.6042842], [126.9554947, 37.6043511], [126.9552115, 37.6044622], [126.9546171, 37.6042003], [126.9534785, 37.6041924], [126.9534218, 37.603502], [126.9531046, 37.6029438], [126.9531346, 37.6015312], [126.953542, 37.6008143], [126.9544902, 37.6005973], [126.9549644, 37.6009915], [126.9548575, 37.601055], [126.9550545, 37.6012799], [126.955295, 37.6012851], [126.9554319, 37.6012111], [126.9554986, 37.6012825], [126.9556122, 37.6012349], [126.9556823, 37.6013116], [126.9558125, 37.6014227], [126.955729, 37.6014544], [126.9554252, 37.6015894], [126.9552081, 37.6016952], [126.9551046, 37.6017825], [126.955148, 37.601801], [126.9553684, 37.6019042], [126.9554519, 37.6019147], [126.9556021, 37.6018909], [126.9557891, 37.6017745], [126.9560663, 37.6017243], [126.9562132, 37.6018089], [126.9562299, 37.6019729], [126.9565337, 37.6019809], [126.9565304, 37.6022772]]]]}, "properties": {"id": "U016", "name": "상명대학교", "school_type": "일반대학"}}, {"id": "U017", "type": "Feature", "geometry": {"type": "MultiPolygon", "coordinates": [[[[126.9401311, 37.5533605], [126.9399285, 37.55335], [126.9397026, 37.5533203], [126.9393092, 37.5532717], [126.9391418, 37.5528677], [126.9390635, 37.5528997], [126.9388899, 37.5526891], [126.9385262, 37.552326], [126.9377467, 37.5518557], [126.9377357, 37.5516972], [126.9378194, 37.5514699], [126.9378637, 37.5514077], [126.9380493, 37.5509882], [126.9381326, 37.5507998], [126.9386369, 37.5498641], [126.9389814, 37.5495153], [126.9395818, 37.5496268], [126.9395622, 37.5497843], [126.9401843, 37.5499263], [126.9405295, 37.5498411], [126.9406109, 37.5495958], [126.9436473, 37.5502001], [126.9437814, 37.550332], [126.9439638, 37.5506637], [126.9440564, 37.5509807], [126.9439847, 37.5511072], [126.9440629, 37.5513912], [126.9442322, 37.5516778], [126.9435775, 37.5523647], [126.9438082, 37.5526071], [126.9437706, 37.552824], [126.943481, 37.5529813], [126.9431827, 37.5529887], [126.942966, 37.5529941], [126.9429791, 37.5530952], [126.9430196, 37.5534066], [126.9433844, 37.5539595], [126.9432181, 37.5545846], [126.9432878, 37.5546612], [126.9432047, 37.5547211], [126.9430035, 37.554742], [126.9428909, 37.5546867], [126.9430723, 37.5544748], [126.9429755, 37.5544429], [126.9428677, 37.5543956], [126.9426378, 37.55427], [126.9422483, 37.5541286], [126.941961, 37.5538895], [126.941764, 37.5537586], [126.941548, 37.5535849], [126.9411838, 37.5534776], [126.9409701, 37.5533686], [126.940637, 37.5532795], [126.9405531, 37.5532872], [126.9403816, 37.5533208], [126.9401311, 37.5533605]]]]}, "properties": {"id": "U017", "name": "서강대학교", "school_type": "일반대학"}}, {"id": "U018", "type": "Feature", "geometry": {"type": "MultiPolygon", "coordinates": [[[[127.0111492, 37.6160368], [127.0113435, 37.6148911], [127.0113623, 37.6148231], [127.0113985, 37.6147711], [127.0117293, 37.6145862], [127.0119666, 37.6144589], [127.0120543, 37.6143727], [127.0121224, 37.6142406], [127.0121616, 37.6141177], [127.0121884, 37.6140519], [127.01223, 37.6139913], [127.0123561, 37.6138575], [127.012458, 37.6137672], [127.0125814, 37.6136822], [127.0126458, 37.6136307], [127.0127859, 37.6134437], [127.0129213, 37.613491], [127.0129904, 37.6135143], [127.0133002, 37.6136546], [127.0134826, 37.613883], [127.0136636, 37.6141337], [127.0137991, 37.6140763], [127.0138391, 37.6141408], [127.0138665, 37.6141787], [127.0138963, 37.6141651], [127.013924, 37.6142034], [127.0139303, 37.6142005], [127.0140603, 37.6143802], [127.0140291, 37.6143944], [127.0140831, 37.6144689], [127.0141763, 37.6145977], [127.01428, 37.6147411], [127.0143366, 37.6148193], [127.0143785, 37.6148603], [127.0143865, 37.6150027], [127.014353, 37.6152215], [127.0139249, 37.6155735], [127.0134839, 37.6156551], [127.0127144, 37.615957], [127.0114848, 37.6163899], [127.0110659, 37.6163369], [127.0111249, 37.6162042], [127.0111492, 37.6160368]]]]}, "properties": {"id": "U018", "name": "서경대학교", "school_type": "일반대학"}}, {"id": "U019", "type": "Feature", "geometry": {"type": "MultiPolygon", "coordinates": [[[[127.0753907, 37.6308286], [127.0754738, 37.6307776], [127.0759083, 37.6307054], [127.0760961, 37.6306279], [127.0763542, 37.6303363], [127.0764273, 37.6302954], [127.0764904, 37.6302816], [127.0765802, 37.6302827], [127.0766613, 37.6301494], [127.076709, 37.6300639], [127.0766325, 37.6300044], [127.0766084, 37.6299534], [127.0766245, 37.629861], [127.0770057, 37.6292116], [127.0774814, 37.6284888], [127.079216, 37.6285266], [127.081081, 37.6285408], [127.08149, 37.6282105], [127.0815772, 37.6282062], [127.081667, 37.6284527], [127.0817623, 37.6288903], [127.0820197, 37.6297909], [127.0821083, 37.6300926], [127.0823912, 37.6310071], [127.0824261, 37.631041], [127.0824744, 37.631057], [127.0831141, 37.630989], [127.0830001, 37.6313671], [127.0828506, 37.6314871], [127.0828325, 37.6315923], [127.0829129, 37.6321743], [127.0830068, 37.6328774], [127.0829505, 37.6331811], [127.0828271, 37.6334488], [127.0826367, 37.633744], [127.0821324, 37.6345172], [127.0817462, 37.6350121], [127.0813814, 37.635386], [127.0809808, 37.6356987], [127.0806625, 37.6358703], [127.0801744, 37.6360402], [127.0797523, 37.6361788], [127.079249, 37.6361995], [127.0777631, 37.6357258], [127.0773581, 37.6356918], [127.0768877, 37.6359664], [127.0766624, 37.6361278], [127.0764112, 37.6364607], [127.0761819, 37.6365277], [127.0759275, 37.6364761], [127.0755234, 37.6361655], [127.0752579, 37.6350079], [127.076375, 37.6346659], [127.0764582, 37.6344939], [127.0760867, 37.6333532], [127.0762449, 37.6332693], [127.0760787, 37.6327085], [127.0753907, 37.6308286]]]]}, "properties": {"id": "U019", "name": "서울과학기술대학교", "school_type": "일반대학"}}, {"id": "U020", "type": "Feature", "geometry": {"type": "MultiPolygon", "coordinates": [[[[126.9130867, 37.6010252], [126.9122636, 37.6012745], [126.9122187, 37.6011654], [126.9118366, 37.6012834], [126.9118001, 37.6012299], [126.9113703, 37.6012411], [126.9113731, 37.6010897], [126.911626, 37.6008983], [126.9119406, 37.600767], [126.9122861, 37.6006112], [126.9127215, 37.6002796], [126.9127608, 37.6003152], [126.9131119, 37.6010141], [126.9130867, 37.6010252]]]]}, "properties": {"id": "U020", "name": "서울기독대학교", "school_type": "일반대학"}}, {"id": "U021", "type": "Feature", "geometry": {"type": "MultiPolygon", "coordinates": [[[[126.9577477, 37.4596133], [126.9584502, 37.4600674], [126.9585098, 37.4601054], [126.959095, 37.4608182], [126.9588406, 37.4613156], [126.9587651, 37.4614633], [126.9588732, 37.4614376], [126.959175, 37.4613658], [126.959293, 37.4615872], [126.9593252, 37.4618597], [126.9593434, 37.4620513], [126.9592071, 37.4627965], [126.9598831, 37.4635885], [126.9597114, 37.4637758], [126.9600086, 37.4639419], [126.959765, 37.4642442], [126.9604946, 37.4647722], [126.9605954, 37.4649142], [126.9609312, 37.4653872], [126.9611517, 37.4657732], [126.9612239, 37.4659323], [126.9612188, 37.4661223], [126.961061, 37.4671952], [126.9606701, 37.4675808], [126.9600976, 37.468204], [126.9592112, 37.4683419], [126.9587023, 37.4684237], [126.9578835, 37.4685552], [126.9578031, 37.4678507], [126.9577182, 37.4671071], [126.9576987, 37.4667611], [126.9576968, 37.4666569], [126.9576933, 37.4664694], [126.9577228, 37.4658563], [126.9579225, 37.4646633], [126.9579228, 37.4642361], [126.9579467, 37.4640747], [126.9579413, 37.4638987], [126.9579104, 37.4637226], [126.9578774, 37.4635847], [126.9577791, 37.4631738], [126.9577524, 37.4630284], [126.9577175, 37.4629268], [126.9576504, 37.4627735], [126.9575384, 37.4626238], [126.9571582, 37.4622574], [126.9570975, 37.4621989], [126.9568937, 37.4619923], [126.9567339, 37.4618171], [126.9566045, 37.4616157], [126.9565146, 37.4614372], [126.9564943, 37.4614067], [126.9564233, 37.4613412], [126.9563897, 37.4613195], [126.9563518, 37.4613019], [126.9563044, 37.4612875], [126.9562443, 37.4612788], [126.9561854, 37.4612765], [126.9561222, 37.4612802], [126.9560662, 37.461288], [126.9559749, 37.4613047], [126.9556253, 37.4613918], [126.9554268, 37.4614259], [126.9550406, 37.4614791], [126.9548421, 37.4615153], [126.9546731, 37.4615919], [126.9545578, 37.4617218], [126.9545229, 37.4618751], [126.9545203, 37.4620688], [126.9546115, 37.4628055], [126.9546436, 37.4629801], [126.9546892, 37.463144], [126.9547643, 37.4633207], [126.9550835, 37.4639019], [126.9551425, 37.4640531], [126.9551625, 37.4641338], [126.9551774, 37.4641936], [126.9551908, 37.4643703], [126.955172, 37.4651857], [126.9558458, 37.465845], [126.9551216, 37.4662612], [126.9551001, 37.4663591], [126.9553254, 37.4665646], [126.9544832, 37.466985], [126.954624, 37.4671515], [126.9543658, 37.4673211], [126.9541291, 37.467232], [126.9536303, 37.4681601], [126.9531651, 37.4684459], [126.9534775, 37.4687633], [126.9526584, 37.4692598], [126.9524357, 37.4690452], [126.9523219, 37.4691144], [126.9521412, 37.4689255], [126.9517818, 37.469058], [126.9514932, 37.4687006], [126.9512315, 37.4684394], [126.950864, 37.4681647], [126.9504057, 37.467934], [126.9500686, 37.4677643], [126.9498633, 37.4675774], [126.9494916, 37.4673519], [126.9494116, 37.4673034], [126.9491159, 37.467151], [126.9486916, 37.4670231], [126.948634, 37.4669727], [126.9485473, 37.4669051], [126.9485095, 37.4668716], [126.9484207, 37.4668128], [126.9483436, 37.466783], [126.9482188, 37.4667408], [126.9481206, 37.4667181], [126.9481266, 37.46657], [126.9481507, 37.4663409], [126.9481775, 37.4662599], [126.9484246, 37.4658072], [126.9485078, 37.4655684], [126.9485567, 37.4652167], [126.948716, 37.4646039], [126.9487546, 37.4644262], [126.9491125, 37.4627151], [126.9493071, 37.4617323], [126.9493252, 37.461535], [126.9493145, 37.4613519], [126.949203, 37.460959], [126.9490609, 37.4606084], [126.9488699, 37.4607359], [126.9487465, 37.4607572], [126.9486177, 37.4607401], [126.948489, 37.460655], [126.9484193, 37.4605655], [126.9483817, 37.4604506], [126.9483388, 37.4602547], [126.9476567, 37.4598168], [126.9475548, 37.4597273], [126.9474904, 37.4596337], [126.9474475, 37.45954], [126.9474529, 37.4594378], [126.9478498, 37.4579729], [126.9479571, 37.4572235], [126.9480483, 37.4571], [126.9481234, 37.4565209], [126.948159, 37.4564387], [126.9481712, 37.4564223], [126.9482141, 37.4563652], [126.948314, 37.4562318], [126.9484433, 37.4560592], [126.9485256, 37.4559493], [126.9486751, 37.4557738], [126.948883, 37.4555408], [126.9492761, 37.4553742], [126.9495965, 37.4552129], [126.9497748, 37.4552535], [126.9498164, 37.4551192], [126.9500102, 37.4545143], [126.9502332, 37.4538813], [126.950333, 37.4527408], [126.9503298, 37.4527028], [126.9503243, 37.4526372], [126.9502928, 37.4525385], [126.9500722, 37.4520836], [126.9500158, 37.4519729], [126.9499763, 37.4518486], [126.9497986, 37.4509018], [126.9497878, 37.4507123], [126.9498341, 37.45016], [126.9498281, 37.4499883], [126.9498093, 37.4498073], [126.9497885, 37.4496469], [126.9497315, 37.4494347], [126.9496674, 37.4492125], [126.9493014, 37.4483971], [126.9491938, 37.4481401], [126.9491643, 37.4479931], [126.9491616, 37.4478398], [126.9491991, 37.4477163], [126.9492662, 37.44758], [126.9493274, 37.4475077], [126.9493815, 37.4474437], [126.9495049, 37.4473564], [126.9496766, 37.4472819], [126.9497966, 37.4472535], [126.950445, 37.4471242], [126.9505225, 37.4471102], [126.9506408, 37.4470881], [126.9508427, 37.4470628], [126.951066, 37.4470679], [126.9512939, 37.4471009], [126.9514924, 37.4471924], [126.9516453, 37.4472712], [126.9517956, 37.4473936], [126.9519135, 37.4475459], [126.9520208, 37.447761], [126.9520096, 37.4480654], [126.9521063, 37.4480766], [126.9528564, 37.4480693], [126.9527429, 37.4493226], [126.9529273, 37.4494574], [126.9529201, 37.449793], [126.9527642, 37.4497878], [126.9527644, 37.4505838], [126.9529307, 37.4505838], [126.9529378, 37.4508803], [126.9529472, 37.4512094], [126.952782, 37.4512097], [126.9527806, 37.4512679], [126.9526122, 37.4512706], [126.9526093, 37.4512258], [126.9524132, 37.4512253], [126.9526683, 37.4517847], [126.9526779, 37.4518057], [126.9527968, 37.4520663], [126.9534621, 37.4534833], [126.9535722, 37.4536798], [126.9536591, 37.4538219], [126.9539632, 37.4543046], [126.9541521, 37.454467], [126.9544995, 37.4550132], [126.9552076, 37.4559106], [126.9559465, 37.4568305], [126.956078, 37.4569646], [126.9561987, 37.4571243], [126.9562966, 37.4573308], [126.9563529, 37.457515], [126.9565473, 37.458257], [126.956609, 37.4584422], [126.9566627, 37.4585849], [126.9570838, 37.4591842], [126.9576858, 37.4595733], [126.9577477, 37.4596133]]]]}, "properties": {"id": "U021", "name": "서울대학교 관악캠퍼스", "school_type": "일반대학"}}, {"id": "U022", "type": "Feature", "geometry": {"type": "MultiPolygon", "coordinates": [[[[127.0002642, 37.5787419], [127.0002364, 37.578847], [127.0010401, 37.5793879], [127.001612, 37.5797097], [127.0019784, 37.579742], [127.0019715, 37.5800125], [127.0018097, 37.5817307], [127.0009582, 37.581714], [127.0009683, 37.5813626], [127.0007348, 37.5813508], [127.0007266, 37.5812601], [127.0002214, 37.5811757], [126.9998398, 37.5811701], [126.9992267, 37.5811701], [126.9992174, 37.5813541], [126.9984094, 37.5812658], [126.9980027, 37.5813037], [126.9978916, 37.5813528], [126.9978288, 37.5817857], [126.9976291, 37.5818988], [126.9968861, 37.5811995], [126.9966724, 37.5808683], [126.9966512, 37.5807029], [126.9966461, 37.5802879], [126.99676, 37.5795995], [126.9969303, 37.5783845], [126.9970147, 37.5781136], [126.9973045, 37.5772617], [126.9977406, 37.577254], [126.99801, 37.5767019], [126.9988645, 37.5768491], [126.9991907, 37.5770585], [126.9995721, 37.5771844], [127.0000819, 37.576974], [127.0006411, 37.5768344], [127.0006107, 37.5774601], [127.0002763, 37.5776883], [127.0010937, 37.5780416], [127.0002642, 37.5787419]]]]}, "properties": {"id": "U022", "name": "서울대학교 연건캠퍼스", "school_type": "일반대학"}}, {"id": "U023", "type": "Feature", "geometry": {"type": "MultiPolygon", "coordinates": [[[[127.0548115, 37.5840742], [127.0548114, 37.5840616], [127.0548114, 37.5840474], [127.0548249, 37.583965], [127.0549085, 37.583883], [127.0548774, 37.5838265], [127.0549099, 37.5835932], [127.0549225, 37.583504], [127.0549312, 37.5834555], [127.0549631, 37.5833677], [127.0549661, 37.5833358], [127.0549697, 37.5833021], [127.0549782, 37.583261], [127.0549476, 37.5831132], [127.0549898, 37.5829642], [127.0550457, 37.5829269], [127.0550964, 37.5829008], [127.0550904, 37.5828661], [127.0551012, 37.5828271], [127.0551356, 37.5828114], [127.0551406, 37.5827972], [127.0551611, 37.5828091], [127.0551787, 37.5828272], [127.0552618, 37.5828312], [127.0553516, 37.5828676], [127.0554413, 37.5828748], [127.0555496, 37.5829033], [127.0555885, 37.5829022], [127.0555979, 37.5828585], [127.0555779, 37.5827889], [127.0555852, 37.5827543], [127.0555849, 37.5827145], [127.0555678, 37.5826787], [127.0555402, 37.5826251], [127.055538, 37.5826073], [127.0555979, 37.5825979], [127.0556302, 37.582584], [127.0558037, 37.582553], [127.0558104, 37.5825319], [127.0557868, 37.5824921], [127.0558097, 37.5824505], [127.055917, 37.5823703], [127.0559148, 37.5823406], [127.0558967, 37.5823128], [127.0559235, 37.5822307], [127.0559057, 37.582215], [127.0559607, 37.5821879], [127.0559822, 37.5821371], [127.0560034, 37.5820318], [127.0559797, 37.5819939], [127.0559771, 37.5819324], [127.0560528, 37.581936], [127.0561215, 37.5818678], [127.0561461, 37.5818202], [127.0561713, 37.5818135], [127.0562779, 37.5818507], [127.0563124, 37.5818492], [127.0571058, 37.5818896], [127.0571423, 37.5819328], [127.0579413, 37.5819359], [127.0579483, 37.5819676], [127.0580339, 37.5822286], [127.058132, 37.5824165], [127.0582059, 37.5825519], [127.0582929, 37.5825581], [127.0583081, 37.5825199], [127.0585287, 37.5825133], [127.0585363, 37.5824995], [127.058631, 37.5824409], [127.0587708, 37.5823637], [127.05896, 37.5822689], [127.0589835, 37.5822431], [127.0590105, 37.5822188], [127.059062, 37.5822261], [127.0593768, 37.582308], [127.0594711, 37.5823384], [127.0599087, 37.5824818], [127.0599658, 37.5824931], [127.0600106, 37.582508], [127.0602522, 37.5822533], [127.0603882, 37.5821694], [127.0604288, 37.5821573], [127.0605716, 37.5821138], [127.0606162, 37.5821047], [127.0606726, 37.5820748], [127.0606795, 37.5820984], [127.0607719, 37.5820729], [127.0608013, 37.5820674], [127.0608638, 37.5820697], [127.0608854, 37.5820705], [127.0609087, 37.582072], [127.0609608, 37.5820683], [127.0609892, 37.5820663], [127.0609952, 37.5821259], [127.0610698, 37.582121], [127.0611736, 37.5821073], [127.0612902, 37.5821071], [127.0613231, 37.5821272], [127.0613684, 37.5821545], [127.0613656, 37.5821597], [127.0613579, 37.5822067], [127.061377, 37.5822162], [127.0614245, 37.582244], [127.0614628, 37.582258], [127.0616288, 37.5823236], [127.0616843, 37.5823434], [127.0618649, 37.5823995], [127.0619335, 37.5823985], [127.0619218, 37.5823381], [127.0619179, 37.5822846], [127.0620164, 37.5823365], [127.0621217, 37.582392], [127.0621332, 37.5823981], [127.0622539, 37.5824274], [127.0623569, 37.5824874], [127.0624845, 37.5824669], [127.0625633, 37.5824606], [127.0626535, 37.5824715], [127.0627543, 37.5824948], [127.0628297, 37.5824727], [127.0628015, 37.5824029], [127.0627821, 37.5823676], [127.062737, 37.5822927], [127.0626773, 37.5821872], [127.0626464, 37.5821704], [127.0625451, 37.5821153], [127.0624836, 37.5820825], [127.0624429, 37.5820431], [127.0624163, 37.5820047], [127.0623855, 37.5819528], [127.0623578, 37.5819067], [127.0623399, 37.5818498], [127.0623339, 37.5818296], [127.0622771, 37.5817486], [127.0622755, 37.5817406], [127.0622153, 37.5816936], [127.0621846, 37.5816942], [127.0621635, 37.5816723], [127.062178, 37.5816264], [127.0621007, 37.5816031], [127.0620774, 37.5815809], [127.0619504, 37.5815503], [127.0618354, 37.5815213], [127.0615873, 37.5815239], [127.0615821, 37.5814608], [127.0616159, 37.5814534], [127.0616881, 37.5814339], [127.0617985, 37.5814076], [127.0618063, 37.581331], [127.0618245, 37.5812902], [127.0618204, 37.5812618], [127.0617586, 37.5812256], [127.061725, 37.5812204], [127.0617176, 37.5807997], [127.0616825, 37.5803516], [127.0618755, 37.5803502], [127.0619383, 37.5803342], [127.0618995, 37.5802643], [127.0618403, 37.5802274], [127.061753, 37.5801838], [127.0616764, 37.5801485], [127.0616067, 37.5800824], [127.0614427, 37.5798435], [127.0614334, 37.5797993], [127.0614276, 37.5797886], [127.0614536, 37.5797437], [127.061487, 37.5797418], [127.061519, 37.5797373], [127.061521, 37.5797668], [127.0615487, 37.5797971], [127.0616081, 37.5798459], [127.0616312, 37.5798502], [127.0616572, 37.5798138], [127.0617386, 37.5798078], [127.0618232, 37.5798238], [127.0618897, 37.579769], [127.0621928, 37.5797914], [127.0622615, 37.5802676], [127.0623998, 37.581263], [127.0625583, 37.5812629], [127.0642167, 37.5847515], [127.0641138, 37.5847816], [127.0639041, 37.5848467], [127.0637976, 37.5848808], [127.0637823, 37.5848961], [127.0637218, 37.5849568], [127.0636856, 37.5849935], [127.0636363, 37.5850293], [127.0635138, 37.5850882], [127.0635023, 37.5850938], [127.0634912, 37.5850991], [127.0633712, 37.5850935], [127.0630198, 37.5852896], [127.0630182, 37.5852905], [127.0630166, 37.5852915], [127.0629012, 37.5853583], [127.0626512, 37.5852591], [127.0621513, 37.5853831], [127.06214, 37.5853989], [127.0620724, 37.5854935], [127.0614667, 37.5855045], [127.0614585, 37.5855076], [127.0614458, 37.5855125], [127.0614292, 37.5855061], [127.0613685, 37.5854826], [127.0613596, 37.5854788], [127.0613069, 37.5854559], [127.0612517, 37.585432], [127.0611895, 37.5854053], [127.0611659, 37.5853951], [127.0610854, 37.5853609], [127.0610822, 37.5853595], [127.0609634, 37.5853084], [127.060897, 37.5852804], [127.0608848, 37.5852752], [127.0607911, 37.5852354], [127.0606856, 37.5851904], [127.0606439, 37.5851726], [127.0606266, 37.5851652], [127.0605703, 37.5851413], [127.0605288, 37.5851291], [127.0605057, 37.5851276], [127.0605045, 37.5851262], [127.0604582, 37.5851265], [127.0603561, 37.5851271], [127.0602521, 37.5851276], [127.0599854, 37.5851287], [127.0599423, 37.5851283], [127.0598769, 37.5850946], [127.059867, 37.5850879], [127.0598397, 37.5850748], [127.0597926, 37.5850934], [127.0597725, 37.5851022], [127.0597234, 37.585118], [127.0596281, 37.5851466], [127.0595351, 37.5851794], [127.0594757, 37.5852802], [127.059351, 37.5852181], [127.0590538, 37.585153], [127.0590413, 37.5851503], [127.0590403, 37.5851501], [127.0589827, 37.5851385], [127.0587541, 37.5851327], [127.0582861, 37.585091], [127.0582747, 37.5851448], [127.0582194, 37.5851247], [127.0581471, 37.5851004], [127.0581159, 37.5850889], [127.0580298, 37.5850568], [127.0578288, 37.5850756], [127.0577628, 37.5850759], [127.0577599, 37.5850917], [127.0577488, 37.5851932], [127.0577444, 37.5852489], [127.0577618, 37.585305], [127.0578136, 37.5853098], [127.0578267, 37.5853552], [127.0577967, 37.5853515], [127.0577524, 37.5853482], [127.0577407, 37.5854303], [127.0577213, 37.5855784], [127.0576961, 37.5857692], [127.0576905, 37.5858057], [127.0576739, 37.585944], [127.057584, 37.5860111], [127.0574116, 37.5860372], [127.0573971, 37.5860403], [127.057295, 37.5860576], [127.0572028, 37.586091], [127.0570017, 37.5861631], [127.0568455, 37.586196], [127.0567541, 37.5862152], [127.0567021, 37.5862264], [127.0565977, 37.5862489], [127.0565068, 37.5862993], [127.0564945, 37.5862817], [127.0564127, 37.5863207], [127.0563918, 37.5863383], [127.0563711, 37.5863563], [127.056371, 37.5863564], [127.0563031, 37.5864097], [127.0562532, 37.5863799], [127.0562515, 37.5863673], [127.0562527, 37.5863627], [127.0562507, 37.5863447], [127.0562366, 37.5862706], [127.0562136, 37.5862252], [127.0561728, 37.5861853], [127.0561171, 37.5861601], [127.0560804, 37.5861613], [127.0560537, 37.5861616], [127.0560354, 37.5861068], [127.0560178, 37.5860527], [127.0560101, 37.5860304], [127.0560101, 37.5860257], [127.0559781, 37.5859276], [127.0559788, 37.585859], [127.0559766, 37.585793], [127.0559739, 37.5856916], [127.0559755, 37.5856868], [127.0559745, 37.5856589], [127.0559834, 37.5854784], [127.05602, 37.585458], [127.0560067, 37.5854319], [127.0559851, 37.5853894], [127.0560018, 37.5853644], [127.0559899, 37.5853557], [127.0559845, 37.5853516], [127.0559835, 37.5853488], [127.0559129, 37.5852925], [127.0558295, 37.5852145], [127.0557634, 37.5851487], [127.055786, 37.585096], [127.0557776, 37.5850442], [127.0557399, 37.5850316], [127.0557304, 37.5850147], [127.0557301, 37.5850111], [127.0557143, 37.5849823], [127.0556605, 37.5849728], [127.0555541, 37.5848112], [127.055543, 37.5847939], [127.0555518, 37.5847586], [127.0555175, 37.5847735], [127.0554361, 37.5847919], [127.0554102, 37.5847892], [127.055361, 37.5847818], [127.0552209, 37.5847415], [127.0552066, 37.5847363], [127.0551855, 37.5847283], [127.0551506, 37.5846981], [127.0551427, 37.5846914], [127.0551394, 37.5846904], [127.0550514, 37.584618], [127.055038, 37.5845744], [127.055033, 37.5845561], [127.0550253, 37.5845416], [127.0549612, 37.5844341], [127.0549096, 37.5843415], [127.0548574, 37.5842507], [127.0548477, 37.5842573], [127.0548317, 37.5842683], [127.0548225, 37.5842055], [127.054818, 37.5841565], [127.0548115, 37.5840742]]]]}, "properties": {"id": "U023", "name": "서울시립대학교", "school_type": "일반대학"}}, {"id": "U024", "type": "Feature", "geometry": {"type": "MultiPolygon", "coordinates": [[[[127.0882146, 37.6290429], [127.0882812, 37.6287007], [127.0883276, 37.6285089], [127.0880027, 37.6275804], [127.0881229, 37.6272238], [127.0881435, 37.6271667], [127.0886676, 37.6268988], [127.0888471, 37.6268018], [127.088834, 37.626763], [127.0883249, 37.6253427], [127.0883716, 37.6252614], [127.0886291, 37.6251645], [127.0888856, 37.625058], [127.088921, 37.6251141], [127.0890165, 37.6252653], [127.0891282, 37.62545], [127.0893897, 37.625683], [127.0895532, 37.6259197], [127.0899209, 37.6261279], [127.0902723, 37.6263562], [127.0903844, 37.626445], [127.0905632, 37.6269974], [127.0906693, 37.6273252], [127.0909495, 37.6273844], [127.0919629, 37.6272698], [127.0925653, 37.6265226], [127.0925893, 37.6264813], [127.0931164, 37.6255758], [127.0932023, 37.6254367], [127.0934386, 37.625561], [127.0940487, 37.6258892], [127.0946522, 37.626236], [127.0944965, 37.6263461], [127.0942979, 37.6263821], [127.0940597, 37.6263562], [127.0935584, 37.6273439], [127.0936506, 37.6274065], [127.0930276, 37.6280872], [127.092276, 37.628808], [127.0918321, 37.6292337], [127.091001, 37.6297685], [127.0901748, 37.6298238], [127.0903358, 37.6313957], [127.0897725, 37.6315444], [127.0892522, 37.6314891], [127.0891217, 37.6310964], [127.0889303, 37.6305205], [127.0885117, 37.6299216], [127.0884694, 37.6297966], [127.0884237, 37.6296612], [127.0883318, 37.6293896], [127.0882146, 37.6290429]]]]}, "properties": {"id": "U024", "name": "서울여자대학교", "school_type": "일반대학"}}, {"id": "U025", "type": "Feature", "geometry": {"type": "MultiPolygon", "coordinates": [[[[126.8526276, 37.4960512], [126.8526401, 37.496279], [126.8525702, 37.4964884], [126.8523878, 37.4966979], [126.8522519, 37.496818], [126.8520889, 37.4969073], [126.8517206, 37.4969637], [126.850802, 37.4968004], [126.8506176, 37.4967379], [126.8505012, 37.4966301], [126.850418, 37.4964703], [126.8508938, 37.4963155], [126.8513435, 37.4962297], [126.8517123, 37.496212], [126.8526276, 37.4960512]]]]}, "properties": {"id": "U025", "name": "서울한영대학교", "school_type": "일반대학"}}, {"id": "U026", "type": "Feature", "geometry": {"type": "MultiPolygon", "coordinates": [[[[126.824577, 37.4876808], [126.8252381, 37.4868971], [126.8255409, 37.4863707], [126.8261543, 37.4865822], [126.8267975, 37.4867149], [126.8268427, 37.48681], [126.8268131, 37.4869274], [126.8269735, 37.4870512], [126.8267792, 37.4875186], [126.8263431, 37.4875442], [126.8261602, 37.4878587], [126.8260901, 37.4881811], [126.8259934, 37.4882507], [126.8254956, 37.4884295], [126.8249098, 37.4885572], [126.8246994, 37.4883952], [126.8243985, 37.4879052], [126.824577, 37.4876808]]]]}, "properties": {"id": "U026", "name": "성공회대학교", "school_type": "일반대학"}}, {"id": "U027", "type": "Feature", "geometry": {"type": "MultiPolygon", "coordinates": [[[[126.9931549, 37.5871912], [126.9932738, 37.587228], [126.9934612, 37.5872568], [126.9936211, 37.5872356], [126.9937532, 37.5871828], [126.9938326, 37.5871267], [126.9939528, 37.5869585], [126.9942006, 37.586557], [126.9945441, 37.5860929], [126.9948574, 37.5857014], [126.9951135, 37.5853197], [126.995124, 37.5852287], [126.9952952, 37.5849447], [126.9956412, 37.5847253], [126.9958014, 37.5846599], [126.9963784, 37.584512], [126.9968005, 37.5844306], [126.9968547, 37.5845534], [126.9969219, 37.5846275], [126.9969406, 37.5848051], [126.996994, 37.5848285], [126.9969537, 37.5851041], [126.9969257, 37.5851899], [126.9966328, 37.5851506], [126.996458, 37.5857412], [126.9966372, 37.5857727], [126.9965561, 37.5860957], [126.9964942, 37.5863282], [126.9964491, 37.5864919], [126.9962607, 37.5864688], [126.9961781, 37.5866468], [126.9961039, 37.586706], [126.9958028, 37.5866646], [126.9958794, 37.5864157], [126.9957123, 37.5863782], [126.9956483, 37.5864863], [126.9955864, 37.5867071], [126.9956237, 37.5868803], [126.9953892, 37.5872655], [126.9951847, 37.5871764], [126.9947757, 37.5878084], [126.9947004, 37.5879059], [126.9945864, 37.5879689], [126.9945271, 37.5880482], [126.9945254, 37.5881607], [126.9946029, 37.588213], [126.9946405, 37.5883105], [126.994658, 37.5884078], [126.9947457, 37.5884796], [126.9948573, 37.588501], [126.9948368, 37.5886296], [126.9948224, 37.5887734], [126.9947008, 37.5888129], [126.9944788, 37.5887952], [126.9938332, 37.5885252], [126.9937928, 37.5885658], [126.9936652, 37.5886972], [126.9935685, 37.5887774], [126.9934872, 37.5887269], [126.993369, 37.5887911], [126.9932127, 37.5890052], [126.9930943, 37.5890985], [126.9929259, 37.5890936], [126.9927941, 37.5890751], [126.9926791, 37.5891698], [126.9925712, 37.5892803], [126.992467, 37.589364], [126.9923229, 37.5894397], [126.9922092, 37.5894859], [126.9921233, 37.5894735], [126.991837, 37.5896621], [126.9896, 37.5892601], [126.9893055, 37.5875365], [126.9894754, 37.5873832], [126.9895092, 37.5871965], [126.9896098, 37.5870254], [126.9897841, 37.5870285], [126.9897908, 37.5869244], [126.9900792, 37.586935], [126.9905217, 37.5867937], [126.9905014, 37.5868886], [126.9905648, 37.5868943], [126.9907313, 37.5869095], [126.9908905, 37.5869475], [126.9910876, 37.5870037], [126.9912557, 37.5870208], [126.9914372, 37.5870209], [126.9918066, 37.5870633], [126.9919867, 37.587111], [126.9921767, 37.5871927], [126.9923372, 37.5872151], [126.992441, 37.5872141], [126.9925592, 37.587193], [126.9927058, 37.587144], [126.9928435, 37.5871039], [126.9929814, 37.587128], [126.9930298, 37.5871439], [126.9931549, 37.5871912]]]]}, "properties": {"id": "U027", "name": "성균관대학교 인문사회과학캠퍼스", "school_type": "일반대학"}}, {"id": "U028", "type": "Feature", "geometry": {"type": "MultiPolygon", "coordinates": [[[[127.021192, 37.5933163], [127.020905, 37.5905754], [127.0215863, 37.5904877], [127.0217575, 37.5906204], [127.0221426, 37.5909454], [127.022206, 37.5909349], [127.0224031, 37.5906814], [127.0223949, 37.5905291], [127.022382, 37.5903504], [127.0222893, 37.5896752], [127.0225643, 37.5896567], [127.0225934, 37.5898278], [127.0229118, 37.5899873], [127.0239848, 37.5903544], [127.0231998, 37.5917663], [127.0221482, 37.59253], [127.0221374, 37.592742], [127.0216713, 37.5927898], [127.021192, 37.5933163]]]]}, "properties": {"id": "U028", "name": "성신여자대학교 돈암수정캠퍼스", "school_type": "일반대학"}}, {"id": "U029", "type": "Feature", "geometry": {"type": "MultiPolygon", "coordinates": [[[[127.0270565, 37.630706], [127.0275482, 37.630819], [127.0277277, 37.6308472], [127.0282055, 37.6329376], [127.0278045, 37.6328832], [127.0276666, 37.6332689], [127.0275611, 37.6332881], [127.0273036, 37.6329865], [127.0270944, 37.6328972], [127.0269066, 37.6327698], [127.026912, 37.6325107], [127.0268744, 37.6323917], [127.0268691, 37.632209], [127.026751, 37.6320603], [127.0265794, 37.6320306], [127.0270565, 37.630706]]]]}, "properties": {"id": "U029", "name": "성신여자대학교 운정그린캠퍼스", "school_type": "일반대학"}}, {"id": "U030", "type": "Feature", "geometry": {"type": "MultiPolygon", "coordinates": [[[[127.0724574, 37.5528894], [127.0723369, 37.5528293], [127.0724044, 37.5523719], [127.0725163, 37.5522494], [127.0726296, 37.5521333], [127.0727509, 37.552127], [127.0728142, 37.5520686], [127.0729725, 37.5520513], [127.0730684, 37.5519605], [127.0730626, 37.5513198], [127.0733437, 37.5510731], [127.0731227, 37.550903], [127.07325, 37.550793], [127.0727219, 37.5503941], [127.0729293, 37.5502136], [127.0730589, 37.5501007], [127.0729856, 37.5500607], [127.0733852, 37.5497226], [127.0732718, 37.5496456], [127.0731651, 37.5495732], [127.0732466, 37.5494639], [127.0732481, 37.5494619], [127.0733437, 37.5493322], [127.0733551, 37.5493169], [127.0733274, 37.5493052], [127.0732397, 37.5492683], [127.0732775, 37.5492126], [127.0732948, 37.549187], [127.0732987, 37.5491892], [127.0733155, 37.5491425], [127.0733182, 37.5491373], [127.0733212, 37.5491325], [127.0733375, 37.5490574], [127.0733381, 37.5489598], [127.073309, 37.548782], [127.0732861, 37.5483745], [127.0732819, 37.5483395], [127.0732495, 37.5482961], [127.0732192, 37.5482555], [127.0729929, 37.5480005], [127.0731096, 37.5479968], [127.0736135, 37.5479859], [127.0736707, 37.5479847], [127.0736853, 37.5483372], [127.0740206, 37.5483328], [127.0740058, 37.5481569], [127.0742039, 37.5481464], [127.0742109, 37.5482575], [127.0746122, 37.5482511], [127.0748552, 37.5486671], [127.0749065, 37.5487483], [127.0749405, 37.5488812], [127.0749834, 37.549081], [127.0750453, 37.549192], [127.0751342, 37.5491643], [127.0755333, 37.5498754], [127.07597, 37.5506795], [127.0761166, 37.5511014], [127.0759402, 37.5511612], [127.0757745, 37.5512858], [127.0755633, 37.5514643], [127.075178, 37.5517368], [127.0749786, 37.5518814], [127.074799, 37.5520116], [127.0748706, 37.5525249], [127.0744117, 37.5529723], [127.0738823, 37.5536312], [127.0724574, 37.5528894]]]]}, "properties": {"id": "U030", "name": "세종대학교", "school_type": "일반대학"}}, {"id": "U031", "type": "Feature", "geometry": {"type": "MultiPolygon", "coordinates": [[[[126.965479, 37.5450752], [126.9653057, 37.5450946], [126.9651432, 37.5451128], [126.9646539, 37.5450985], [126.9640755, 37.5449955], [126.963919, 37.5449195], [126.9638355, 37.5448173], [126.963809, 37.544694], [126.9638323, 37.5444851], [126.9637627, 37.5441617], [126.96355, 37.5438631], [126.9635558, 37.5436713], [126.9642438, 37.5436759], [126.9649702, 37.5437096], [126.9649887, 37.5435556], [126.9658363, 37.5436243], [126.9662675, 37.5438639], [126.9665853, 37.5441673], [126.9667669, 37.5444193], [126.9667669, 37.5447485], [126.9657291, 37.5448462], [126.9654478, 37.5449771], [126.965479, 37.5450752]]], [[[126.9634892, 37.5451866], [126.9635776, 37.5451736], [126.9638108, 37.545099], [126.9638974, 37.5450917], [126.9642036, 37.5451372], [126.9646657, 37.5452147], [126.9649563, 37.5452311], [126.9652276, 37.5452346], [126.9655361, 37.5452028], [126.9655953, 37.5453506], [126.9652951, 37.5454114], [126.9652688, 37.5454282], [126.9653309, 37.5455661], [126.9652893, 37.5455822], [126.9653117, 37.5456499], [126.9654062, 37.5456802], [126.9654806, 37.5456519], [126.9658524, 37.5456595], [126.9659664, 37.5456174], [126.9661846, 37.5456128], [126.9663062, 37.5455432], [126.9666712, 37.5456881], [126.9665974, 37.5460079], [126.966043, 37.5460103], [126.9659237, 37.5462605], [126.9659036, 37.5464286], [126.9658139, 37.5464321], [126.9659561, 37.5471039], [126.9650206, 37.5471684], [126.964977, 37.5468828], [126.9641711, 37.5468894], [126.9633989, 37.5464268], [126.9632643, 37.5459776], [126.9632578, 37.5456125], [126.9634892, 37.5451866]]]]}, "properties": {"id": "U031", "name": "숙명여자대학교", "school_type": "일반대학"}}, {"id": "U032", "type": "Feature", "geometry": {"type": "MultiPolygon", "coordinates": [[[[126.9594912, 37.4948138], [126.959175, 37.494859], [126.9590317, 37.4947367], [126.9590228, 37.494531], [126.9591931, 37.4945007], [126.9594115, 37.494528], [126.9594561, 37.4946657], [126.9594912, 37.4948138]]], [[[126.9538986, 37.4968491], [126.9536864, 37.4967311], [126.9535926, 37.496679], [126.9541075, 37.4960957], [126.9543781, 37.4957892], [126.9545798, 37.4957596], [126.9547141, 37.4957394], [126.9604721, 37.4948725], [126.9607992, 37.4948825], [126.9610833, 37.4951543], [126.960741, 37.4953542], [126.9607748, 37.495517], [126.9606467, 37.4957063], [126.9597189, 37.4960288], [126.9593566, 37.496502], [126.9592825, 37.496538], [126.9590606, 37.4966457], [126.9588618, 37.4968034], [126.958828, 37.4969409], [126.958822, 37.4971434], [126.9589457, 37.4972381], [126.9587657, 37.4973549], [126.958299, 37.4973869], [126.9578269, 37.4975486], [126.9570785, 37.4978641], [126.9565891, 37.4979008], [126.9563448, 37.4978846], [126.9557509, 37.4978955], [126.95559, 37.4979338], [126.9555384, 37.4979268], [126.9554022, 37.4979082], [126.9552949, 37.4977912], [126.9552548, 37.4971144], [126.9545641, 37.4971048], [126.9545096, 37.4968614], [126.9538986, 37.4968491]]], [[[126.9597672, 37.4942896], [126.9600353, 37.4942982], [126.9603361, 37.4947082], [126.9595787, 37.4948167], [126.9595558, 37.4947979], [126.9594315, 37.4943526], [126.9597672, 37.4942896]]]]}, "properties": {"id": "U032", "name": "숭실대학교", "school_type": "일반대학"}}, {"id": "U033", "type": "Feature", "geometry": {"type": "MultiPolygon", "coordinates": [[[[126.9339211, 37.5638505], [126.9339124, 37.5638357], [126.9339013, 37.563816], [126.9337458, 37.5635596], [126.9335073, 37.5633845], [126.9332401, 37.5631877], [126.9330064, 37.5630364], [126.9327361, 37.5629714], [126.9326726, 37.5630033], [126.9325771, 37.5630047], [126.9325223, 37.5630334], [126.9324711, 37.5631161], [126.9323508, 37.5631056], [126.9320827, 37.5632136], [126.9316052, 37.5629448], [126.9315791, 37.5629084], [126.9315573, 37.5628732], [126.931539, 37.5627877], [126.931546, 37.5627459], [126.9315615, 37.5627058], [126.9316523, 37.5625874], [126.9319365, 37.5623567], [126.9323385, 37.5620135], [126.9329431, 37.561497], [126.9331045, 37.5613741], [126.9335387, 37.5610076], [126.933832, 37.5607682], [126.9339397, 37.560696], [126.9341232, 37.5606302], [126.9342712, 37.560574], [126.9354754, 37.5603949], [126.9357811, 37.5603447], [126.935965, 37.5603304], [126.9360351, 37.5603278], [126.9360914, 37.5603389], [126.9362972, 37.5603302], [126.9363737, 37.5602618], [126.9363888, 37.56025], [126.936625, 37.5602292], [126.9367408, 37.5602208], [126.9369739, 37.560207], [126.937075, 37.5602045], [126.9371468, 37.5602027], [126.9372467, 37.5602303], [126.9372634, 37.5603036], [126.9378031, 37.5610901], [126.9377315, 37.5613225], [126.9377826, 37.5613167], [126.9378326, 37.5613077], [126.937893, 37.5614871], [126.9379784, 37.5615824], [126.9381355, 37.5616955], [126.938318, 37.5618268], [126.9382622, 37.5619242], [126.9392263, 37.5625942], [126.9390288, 37.5627888], [126.939415, 37.5631021], [126.9394472, 37.5631952], [126.9396364, 37.5637311], [126.9398467, 37.5636877], [126.9402881, 37.5635927], [126.9404844, 37.5635345], [126.9409875, 37.5633764], [126.9410673, 37.5635277], [126.9413004, 37.5641459], [126.9413437, 37.5642943], [126.9417828, 37.5643664], [126.9420128, 37.5643181], [126.9420508, 37.5643116], [126.9421049, 37.5642968], [126.942096, 37.5642766], [126.9429366, 37.5640634], [126.9432082, 37.5638736], [126.9435867, 37.5642335], [126.944364, 37.5648364], [126.9450723, 37.5655309], [126.9454022, 37.5655126], [126.9455173, 37.5654369], [126.9460089, 37.5659986], [126.9460907, 37.566126], [126.9459962, 37.5661444], [126.9459413, 37.5661498], [126.9458904, 37.5661592], [126.9457807, 37.566185], [126.9450534, 37.5659574], [126.9415251, 37.5687141], [126.9414889, 37.5695934], [126.9414179, 37.5713163], [126.9409849, 37.5716458], [126.9408376, 37.5718693], [126.9407273, 37.5722288], [126.9407188, 37.5724034], [126.940734, 37.5724752], [126.9409487, 37.5730618], [126.9408727, 37.5733446], [126.9404087, 37.5738686], [126.9403359, 37.5743967], [126.9401566, 37.5752896], [126.9395298, 37.575186], [126.9393382, 37.5749801], [126.9386814, 37.5748547], [126.9386479, 37.5748474], [126.9385888, 37.5748355], [126.938309, 37.5747884], [126.9385301, 37.5738066], [126.9385349, 37.5737847], [126.9386041, 37.5734943], [126.9386232, 37.5728094], [126.9384534, 37.5727479], [126.9383903, 37.572702], [126.9383392, 37.5726497], [126.9383073, 37.5724826], [126.9383049, 37.5724], [126.9383169, 37.5723537], [126.9383426, 37.572324], [126.9383563, 37.5722753], [126.9384035, 37.5721074], [126.9384212, 37.5720544], [126.9386026, 37.5718154], [126.9387998, 37.5715073], [126.9388483, 37.5712444], [126.9388905, 37.5707511], [126.9388989, 37.5706527], [126.9391487, 37.570621], [126.9391236, 37.570489], [126.9396051, 37.570412], [126.9396651, 37.5702671], [126.939718, 37.5702361], [126.9398964, 37.5702366], [126.9402265, 37.5698494], [126.9395964, 37.5695902], [126.9389115, 37.5694896], [126.938163, 37.5694099], [126.9382017, 37.5684257], [126.9372028, 37.568307], [126.9363231, 37.5680571], [126.9358776, 37.5676148], [126.9352944, 37.5666557], [126.9349035, 37.5663837], [126.9345895, 37.5662507], [126.934521, 37.5662268], [126.9342822, 37.5661409], [126.934135, 37.5655975], [126.9340915, 37.5653824], [126.9340466, 37.5651773], [126.9339556, 37.5647133], [126.9339921, 37.5642754], [126.9339047, 37.5638613], [126.9339211, 37.5638505]], [[126.9383616, 37.5639896], [126.9383988, 37.5639816], [126.9385427, 37.5639525], [126.9387194, 37.5639167], [126.9386378, 37.5636746], [126.9385494, 37.5634042], [126.9384551, 37.5631155], [126.9383932, 37.5629262], [126.9380504, 37.5629966], [126.9381185, 37.5632054], [126.9381472, 37.5632945], [126.9381705, 37.563367], [126.9381894, 37.5634217], [126.9382072, 37.5634739], [126.9382229, 37.5635229], [126.938291, 37.5637493], [126.938324, 37.5638584], [126.9383303, 37.5638803], [126.9383616, 37.5639896]]]]}, "properties": {"id": "U033", "name": "연세대학교 신촌캠퍼스", "school_type": "일반대학"}}, {"id": "U034", "type": "Feature", "geometry": {"type": "MultiPolygon", "coordinates": [[[[127.1102004, 37.525888], [127.109646, 37.5253399], [127.1092951, 37.5255506], [127.1089265, 37.5251982], [127.1089745, 37.5248025], [127.1108952, 37.5248071], [127.1113127, 37.5252225], [127.111262, 37.5252531], [127.1102004, 37.525888]]]]}, "properties": {"id": "U034", "name": "울산대학교 의과대학", "school_type": "일반대학"}}, {"id": "U035", "type": "Feature", "geometry": {"type": "MultiPolygon", "coordinates": [[[[126.9417014, 37.5613167], [126.9420779, 37.5610379], [126.9429375, 37.561708], [126.9433209, 37.5613671], [126.9433903, 37.5601745], [126.9434201, 37.5596566], [126.9469136, 37.5598379], [126.948352, 37.5601637], [126.9494359, 37.5603775], [126.9496901, 37.5606798], [126.9498954, 37.5607185], [126.9500372, 37.5609161], [126.9503452, 37.5611874], [126.9503159, 37.5614354], [126.9500763, 37.5618501], [126.9497728, 37.5620858], [126.9497048, 37.5625747], [126.9496978, 37.563155], [126.9498365, 37.5635475], [126.950057, 37.5638158], [126.9501049, 37.564027], [126.9507562, 37.5637136], [126.9509249, 37.5637029], [126.9511491, 37.5638299], [126.9512056, 37.5641868], [126.950998, 37.564492], [126.9510289, 37.5648723], [126.9507555, 37.5651336], [126.9507036, 37.5652568], [126.9507064, 37.5653905], [126.9507878, 37.5656907], [126.9509871, 37.5660562], [126.9510233, 37.5664155], [126.9512651, 37.5667796], [126.9512832, 37.5676611], [126.9512107, 37.5677952], [126.9510094, 37.5679436], [126.951089, 37.56803], [126.9512784, 37.5679846], [126.9513569, 37.5680094], [126.951545, 37.568406], [126.9513831, 37.5684664], [126.950864, 37.5686722], [126.95018, 37.5689949], [126.9499729, 37.569075], [126.9497886, 37.5690201], [126.949623, 37.568816], [126.9495632, 37.568663], [126.9495555, 37.5685481], [126.9494233, 37.5683106], [126.9492723, 37.5680943], [126.9491675, 37.5681432], [126.9489615, 37.5679599], [126.9490628, 37.5677392], [126.9489692, 37.5676351], [126.9489063, 37.5675061], [126.9487738, 37.5674011], [126.9487631, 37.5672243], [126.9484581, 37.5671171], [126.9483696, 37.566989], [126.9481266, 37.5669771], [126.9478262, 37.5665289], [126.9481299, 37.5660886], [126.947402, 37.5649179], [126.946432, 37.5654374], [126.9452879, 37.5642071], [126.9446009, 37.5635985], [126.944398, 37.5634229], [126.9450689, 37.5628297], [126.9439866, 37.5619365], [126.9432754, 37.5625064], [126.9417014, 37.5613167]], [[126.9498387, 37.5675209], [126.9499884, 37.5675092], [126.9498486, 37.5674427], [126.949774, 37.5673851], [126.9497945, 37.5672433], [126.9498597, 37.5671709], [126.9499828, 37.5670852], [126.9501375, 37.566964], [126.9501487, 37.5668916], [126.9501226, 37.5667262], [126.9500853, 37.5666567], [126.9500275, 37.566608], [126.9498933, 37.5666139], [126.9497554, 37.5664868], [126.949705, 37.5663996], [126.9496156, 37.566308], [126.9495652, 37.5661337], [126.9495857, 37.5660539], [126.9495764, 37.5659904], [126.9494851, 37.5657998], [126.9493863, 37.5655737], [126.9491813, 37.5654171], [126.9491254, 37.5653329], [126.9491309, 37.5652443], [126.9491608, 37.5652206], [126.9492204, 37.5651113], [126.9492111, 37.5650478], [126.9491421, 37.5649503], [126.9492782, 37.5648173], [126.9493192, 37.5647301], [126.9494441, 37.5645454], [126.9495149, 37.5644597], [126.9496286, 37.5642957], [126.9496603, 37.5641775], [126.9496994, 37.5639884], [126.9496976, 37.5637195], [126.949651, 37.5636412], [126.9495485, 37.5635821], [126.949377, 37.5635289], [126.949308, 37.56352], [126.9490284, 37.5636826], [126.9488663, 37.5637358], [126.9487544, 37.5637358], [126.9486128, 37.563656], [126.9485196, 37.5635585], [126.9484991, 37.5634846], [126.948555, 37.5633309], [126.9486631, 37.5632689], [126.9488159, 37.5632172], [126.9488663, 37.5631595], [126.9489669, 37.5629896], [126.948939, 37.5629143], [126.9489334, 37.5627015], [126.9488812, 37.5625715], [126.9488812, 37.5625065], [126.9487898, 37.5624296], [126.9487395, 37.5623513], [126.948624, 37.5623838], [126.9484823, 37.5624695], [126.9483462, 37.5624932], [126.9482754, 37.5624282], [126.9481859, 37.5623041], [126.948158, 37.5623114], [126.9481412, 37.5624282], [126.9481002, 37.5625922], [126.9479846, 37.5626675], [126.9477032, 37.5627222], [126.947472, 37.562765], [126.9472968, 37.5628345], [126.9473472, 37.5628921], [126.9474515, 37.5630118], [126.9474366, 37.5630532], [126.9474888, 37.5631714], [126.9475783, 37.5633176], [126.9476193, 37.5633546], [126.9477088, 37.5632718], [126.9478113, 37.563294], [126.9478784, 37.5633295], [126.9478784, 37.5633812], [126.9478411, 37.5634462], [126.9479194, 37.5634521], [126.9480014, 37.5634048], [126.9480387, 37.5633398], [126.948035, 37.5632497], [126.9479995, 37.5631359], [126.9481039, 37.5630458], [126.9481654, 37.5629955], [126.9481822, 37.5628227], [126.9482642, 37.562771], [126.9483891, 37.5627783], [126.9484618, 37.5627857], [126.9485531, 37.5627458], [126.9486668, 37.5628197], [126.9487022, 37.5628847], [126.9486426, 37.5629955], [126.9485419, 37.5630561], [126.9484637, 37.5630605], [126.9484077, 37.5631137], [126.9482754, 37.5632644], [126.9481803, 37.5633206], [126.9480927, 37.56339], [126.9480666, 37.5634536], [126.9481915, 37.5635511], [126.9482139, 37.563656], [126.9485624, 37.5637978], [126.948568, 37.5639086], [126.9486109, 37.5639692], [126.9485438, 37.5641495], [126.9484655, 37.5641583], [126.9483723, 37.564179], [126.9483723, 37.5642352], [126.9483779, 37.5643785], [126.9483574, 37.5644553], [126.948322, 37.5645809], [126.9482046, 37.5646932], [126.9480704, 37.56477], [126.9480927, 37.5649828], [126.9481393, 37.565101], [126.9482195, 37.5651807], [126.9482996, 37.5653285], [126.9483201, 37.565423], [126.9483667, 37.5656417], [126.9483928, 37.5657673], [126.9484581, 37.5658175], [126.9485084, 37.5658604], [126.9485997, 37.5660126], [126.9486277, 37.566113], [126.9488327, 37.5662475], [126.9488868, 37.5664381], [126.9489967, 37.5665474], [126.9491757, 37.5667646], [126.9492241, 37.5668384], [126.9492148, 37.5669123], [126.9491347, 37.5669803], [126.9490135, 37.5671487], [126.9488756, 37.5671812], [126.9488681, 37.5672447], [126.9488663, 37.5674073], [126.9489222, 37.5674885], [126.9489867, 37.5675554], [126.9491361, 37.5675008], [126.9498387, 37.5675209]]]]}, "properties": {"id": "U035", "name": "이화여자대학교", "school_type": "일반대학"}}, {"id": "U036", "type": "Feature", "geometry": {"type": "MultiPolygon", "coordinates": [[[[127.1047755, 37.5491819], [127.1048679, 37.5492601], [127.1048402, 37.549585], [127.1048116, 37.5497688], [127.1048138, 37.5498328], [127.1048405, 37.5501249], [127.1045498, 37.5511611], [127.1041898, 37.5512238], [127.1039717, 37.5511661], [127.1041204, 37.5507684], [127.1036822, 37.5505146], [127.1039957, 37.5500436], [127.1038955, 37.5499821], [127.103761, 37.5500184], [127.1036148, 37.550121], [127.1029453, 37.5506079], [127.102517, 37.5505031], [127.1019203, 37.5505315], [127.102317, 37.5501246], [127.1024153, 37.550014], [127.1027678, 37.5494724], [127.1029885, 37.5495654], [127.1032874, 37.5491624], [127.1034383, 37.5491013], [127.1034722, 37.5489425], [127.1035492, 37.5487105], [127.10354, 37.5486274], [127.103691, 37.5486567], [127.1037803, 37.548669], [127.1039898, 37.5486592], [127.1041685, 37.5486738], [127.104261, 37.5487251], [127.104415, 37.5488082], [127.1045722, 37.5488424], [127.1048248, 37.5488204], [127.1047755, 37.5491819]]]]}, "properties": {"id": "U036", "name": "장로회신학대학교", "school_type": "일반대학"}}, {"id": "U037", "type": "Feature", "geometry": {"type": "MultiPolygon", "coordinates": [[[[126.953878, 37.5049046], [126.953971, 37.50487], [126.9539744, 37.5047404], [126.9539314, 37.5044324], [126.9540204, 37.5042568], [126.9541666, 37.5042043], [126.9552767, 37.5038054], [126.9553333, 37.5037474], [126.9554253, 37.503752], [126.9555496, 37.5022225], [126.9557769, 37.5021774], [126.9563516, 37.5021053], [126.9567274, 37.5021311], [126.95694, 37.5017743], [126.9570142, 37.502253], [126.9576149, 37.5029354], [126.9581073, 37.503017], [126.9586128, 37.503531], [126.9585854, 37.5044594], [126.9591275, 37.5052302], [126.9592444, 37.5053031], [126.9593073, 37.5055784], [126.9595807, 37.5060697], [126.9596322, 37.5062916], [126.9594466, 37.5064186], [126.9592282, 37.5064643], [126.9592454, 37.5069554], [126.9591853, 37.5069963], [126.9587079, 37.5068942], [126.9584213, 37.5067563], [126.9576595, 37.5066286], [126.9570234, 37.5061196], [126.9569821, 37.5059229], [126.9567124, 37.5057492], [126.9567515, 37.5055438], [126.9564404, 37.5052884], [126.9555741, 37.5053028], [126.9554167, 37.5053155], [126.9546447, 37.5053775], [126.9548019, 37.5057939], [126.9548948, 37.5059507], [126.9552685, 37.5060401], [126.9552902, 37.5061437], [126.9548271, 37.506169], [126.9545883, 37.506106], [126.9539423, 37.5050133], [126.953878, 37.5049046]]]]}, "properties": {"id": "U037", "name": "중앙대학교 서울캠퍼스", "school_type": "일반대학"}}, {"id": "U038", "type": "Feature", "geometry": {"type": "MultiPolygon", "coordinates": [[[[126.9685285, 37.4879691], [126.9688491, 37.4882494], [126.9690363, 37.4883651], [126.9694166, 37.4886001], [126.9692956, 37.4889058], [126.9686376, 37.48957], [126.9675079, 37.4896834], [126.9666376, 37.4902688], [126.9663637, 37.4902898], [126.9658282, 37.4898999], [126.9657945, 37.489686], [126.9658467, 37.489452], [126.966452, 37.4881444], [126.9667657, 37.4877553], [126.9669343, 37.4878919], [126.9669159, 37.4880603], [126.9671943, 37.488551], [126.9672505, 37.4887752], [126.9674272, 37.4888243], [126.9685285, 37.4879691]]]]}, "properties": {"id": "U038", "name": "총신대학교", "school_type": "일반대학"}}, {"id": "U039", "type": "Feature", "geometry": {"type": "MultiPolygon", "coordinates": [[[[126.9528895, 37.5616007], [126.954043, 37.5618058], [126.9550856, 37.5620598], [126.9554265, 37.5621486], [126.955268, 37.5624588], [126.954918, 37.5623275], [126.954611, 37.5627857], [126.9543043, 37.5630055], [126.9532749, 37.5639868], [126.953133, 37.5639246], [126.9518669, 37.5634586], [126.9518184, 37.5633075], [126.9522613, 37.562275], [126.9528895, 37.5616007]]]]}, "properties": {"id": "U039", "name": "추계예술대학교", "school_type": "일반대학"}}, {"id": "U040", "type": "Feature", "geometry": {"type": "MultiPolygon", "coordinates": [[[[127.0450939, 37.5918494], [127.0468425, 37.591734], [127.0480988, 37.5916652], [127.0478114, 37.5930595], [127.0476447, 37.5932965], [127.0474602, 37.5944344], [127.0474219, 37.5952365], [127.0471871, 37.5956116], [127.0466325, 37.5958404], [127.0457904, 37.5954761], [127.0459065, 37.5940485], [127.0458304, 37.5935464], [127.0454693, 37.5934406], [127.0453113, 37.5930926], [127.0453145, 37.593013], [127.0452592, 37.5928303], [127.0451922, 37.5924794], [127.0450939, 37.5918494]]]]}, "properties": {"id": "U040", "name": "한국과학기술원 서울캠퍼스", "school_type": "일반대학"}}, {"id": "U041", "type": "Feature", "geometry": {"type": "MultiPolygon", "coordinates": [[[[127.0632177, 37.6491163], [127.0635773, 37.6484932], [127.0636044, 37.6484463], [127.0635681, 37.6484332], [127.0640242, 37.6475853], [127.0641612, 37.647733], [127.0644638, 37.648059], [127.0647911, 37.6484489], [127.0650621, 37.6488232], [127.0649613, 37.6491449], [127.0648727, 37.6494279], [127.0648572, 37.6494774], [127.0632177, 37.6491163]]]]}, "properties": {"id": "U041", "name": "한국성서대학교", "school_type": "일반대학"}}, {"id": "U042", "type": "Feature", "geometry": {"type": "MultiPolygon", "coordinates": [[[[127.0578714, 37.5985749], [127.0575965, 37.5985604], [127.0574115, 37.5985021], [127.0572525, 37.5984537], [127.0571137, 37.5983991], [127.0570034, 37.5982595], [127.0569438, 37.5981185], [127.0570095, 37.5976932], [127.0570095, 37.5975189], [127.0569874, 37.59735], [127.0569384, 37.5971619], [127.0568432, 37.5967634], [127.056914, 37.596493], [127.0570552, 37.5959629], [127.0570703, 37.595903], [127.058287, 37.5960097], [127.0583361, 37.59571], [127.0583477, 37.595635], [127.0586257, 37.5956568], [127.0588369, 37.5956733], [127.0589345, 37.595672], [127.0592631, 37.5955657], [127.0594849, 37.5954699], [127.060346, 37.5967254], [127.0606799, 37.5965915], [127.0608606, 37.5968601], [127.0605109, 37.597001], [127.0607783, 37.5974104], [127.0607482, 37.5975598], [127.0587708, 37.5984657], [127.0584713, 37.5985247], [127.0582309, 37.5985581], [127.0578714, 37.5985749]]]]}, "properties": {"id": "U042", "name": "한국외국어대학교 서울캠퍼스", "school_type": "일반대학"}}, {"id": "U043", "type": "Feature", "geometry": {"type": "MultiPolygon", "coordinates": [[[[127.1324778, 37.5217035], [127.1321592, 37.5212333], [127.1320269, 37.5211203], [127.131925, 37.5210639], [127.1316866, 37.5209727], [127.1298718, 37.5207408], [127.1291699, 37.5206535], [127.1289234, 37.5205762], [127.1292118, 37.5199981], [127.1294989, 37.5185477], [127.1296867, 37.5182082], [127.1298782, 37.5179659], [127.1302236, 37.5177682], [127.1313435, 37.5172969], [127.131596, 37.5176595], [127.1316102, 37.5176799], [127.132735, 37.5193978], [127.133056, 37.5200311], [127.133165, 37.5202984], [127.1333519, 37.5207884], [127.1333452, 37.5209256], [127.133309, 37.5210607], [127.133231, 37.5212502], [127.133164, 37.5213565], [127.1330622, 37.5214564], [127.1324778, 37.5217035]]]]}, "properties": {"id": "U043", "name": "한국체육대학교", "school_type": "일반대학"}}, {"id": "U044", "type": "Feature", "geometry": {"type": "MultiPolygon", "coordinates": [[[[127.0084071, 37.582804], [127.0089851, 37.5818612], [127.0091198, 37.5816378], [127.0092644, 37.5816006], [127.0093926, 37.5814874], [127.0095931, 37.5811852], [127.0097625, 37.580889], [127.0098745, 37.5808148], [127.0100216, 37.5807906], [127.0102802, 37.5807817], [127.0106416, 37.5810431], [127.0108987, 37.5812596], [127.0110827, 37.5814136], [127.0112928, 37.5815531], [127.0113875, 37.5815355], [127.0118448, 37.5816301], [127.0122003, 37.5816], [127.0122835, 37.5824626], [127.0114761, 37.5823756], [127.0112782, 37.5823699], [127.0112071, 37.5823992], [127.011199, 37.582403], [127.0111844, 37.5824047], [127.0111747, 37.5824038], [127.0111616, 37.5823637], [127.0111588, 37.5825906], [127.0111398, 37.58314], [127.0098005, 37.5832026], [127.0096999, 37.5836293], [127.0087251, 37.5836451], [127.0086082, 37.5833358], [127.0084071, 37.582804]]]]}, "properties": {"id": "U044", "name": "한성대학교", "school_type": "일반대학"}}, {"id": "U045", "type": "Feature", "geometry": {"type": "MultiPolygon", "coordinates": [[[[127.0133742, 37.6338895], [127.0131341, 37.635231], [127.012091, 37.6352082], [127.0111989, 37.6351606], [127.0106977, 37.6351149], [127.0104562, 37.6348006], [127.0106164, 37.6344491], [127.0110144, 37.6343231], [127.010839, 37.6337952], [127.0110596, 37.6337208], [127.0119085, 37.6338504], [127.0119492, 37.6336654], [127.0124696, 37.6337569], [127.0133742, 37.6338895]]]]}, "properties": {"id": "U045", "name": "한신대학교", "school_type": "일반대학"}}, {"id": "U046", "type": "Feature", "geometry": {"type": "MultiPolygon", "coordinates": [[[[127.0478859, 37.5584994], [127.0474514, 37.5589981], [127.0471778, 37.5590054], [127.0469525, 37.559335], [127.0470793, 37.559428], [127.0468726, 37.5597793], [127.046786, 37.5598023], [127.0464268, 37.5595838], [127.0462926, 37.5597401], [127.0463248, 37.5597976], [127.0462229, 37.5599325], [127.0461717, 37.559919], [127.0459413, 37.559858], [127.0458876, 37.5599325], [127.0457937, 37.5598936], [127.0456462, 37.5598325], [127.0455068, 37.5597589], [127.0452576, 37.5596235], [127.0450749, 37.5595242], [127.0452171, 37.5593435], [127.0453168, 37.5592356], [127.0453941, 37.5591405], [127.0455936, 37.5590309], [127.0456057, 37.5589287], [127.0458368, 37.5586458], [127.0459666, 37.5585319], [127.0461931, 37.5583483], [127.0463055, 37.5582601], [127.0462816, 37.5582459], [127.046151, 37.5581695], [127.0459824, 37.5580995], [127.0457591, 37.55803], [127.0457118, 37.5580149], [127.0456326, 37.5580708], [127.0455851, 37.5581265], [127.0455065, 37.5582139], [127.0454668, 37.5582601], [127.0454238, 37.5583102], [127.0452419, 37.5585181], [127.0446271, 37.559193], [127.0445479, 37.5591496], [127.0444488, 37.5591862], [127.0441449, 37.5591561], [127.0438078, 37.5590805], [127.0436211, 37.5590274], [127.0434919, 37.5590211], [127.0433815, 37.5590432], [127.0433231, 37.5590704], [127.0432276, 37.5591157], [127.0431779, 37.5591626], [127.0430672, 37.559211], [127.0429872, 37.5592397], [127.0428337, 37.5592915], [127.0421815, 37.5593295], [127.0421074, 37.5593237], [127.0420422, 37.5593119], [127.0419721, 37.5593024], [127.0419238, 37.5592683], [127.0418929, 37.5592264], [127.0418878, 37.5591957], [127.0418785, 37.559083], [127.0419379, 37.5582198], [127.0418608, 37.5582078], [127.0418482, 37.5582081], [127.0413762, 37.5577637], [127.0416229, 37.5576616], [127.0418284, 37.5576347], [127.0419099, 37.5576276], [127.0420348, 37.5576126], [127.0422371, 37.5575808], [127.0425456, 37.5574809], [127.0426609, 37.5573894], [127.0427682, 37.5573214], [127.0427802, 37.5573128], [127.0427932, 37.5573036], [127.042846, 37.5572661], [127.0429288, 37.5573167], [127.0430909, 37.5571217], [127.0432598, 37.5569185], [127.0433206, 37.5568454], [127.0434211, 37.5567187], [127.043484, 37.5566393], [127.0436044, 37.5566508], [127.0436515, 37.5563407], [127.043693, 37.5563446], [127.0438868, 37.555127], [127.0438539, 37.5551219], [127.0438987, 37.5548146], [127.0440262, 37.5540362], [127.0441156, 37.554035], [127.0441921, 37.5540339], [127.044277, 37.5540237], [127.0444798, 37.5539995], [127.0450357, 37.5539564], [127.0457107, 37.5541784], [127.0461872, 37.5542058], [127.0463885, 37.5542363], [127.0470148, 37.5543743], [127.0479068, 37.5545897], [127.0482507, 37.554689], [127.0484599, 37.5547719], [127.0486342, 37.554873], [127.0491382, 37.5552826], [127.0494201, 37.5554748], [127.0494411, 37.5554894], [127.04964, 37.5556279], [127.0498943, 37.5558024], [127.050206, 37.556017], [127.050324, 37.5560711], [127.0505037, 37.5561923], [127.0506486, 37.5563178], [127.0507827, 37.5565124], [127.0509302, 37.5568132], [127.0509946, 37.5570568], [127.0510093, 37.557279], [127.0508539, 37.557252], [127.0507961, 37.5573211], [127.0507036, 37.5573567], [127.050605, 37.5573604], [127.050086, 37.5572446], [127.0497953, 37.5571743], [127.0497379, 37.5572781], [127.0497323, 37.5572848], [127.0496857, 37.5573403], [127.0496667, 37.5574296], [127.0496475, 37.55758], [127.0495547, 37.5575757], [127.0493731, 37.5574854], [127.0492812, 37.5574397], [127.0493003, 37.5574044], [127.0491573, 37.5573559], [127.048779, 37.5572276], [127.0483537, 37.5570834], [127.0483314, 37.5571247], [127.0480718, 37.5576057], [127.0479626, 37.557808], [127.0479365, 37.5578564], [127.0482276, 37.5579532], [127.0482126, 37.5580036], [127.0487309, 37.5581512], [127.0487059, 37.5582064], [127.0486411, 37.558368], [127.0486186, 37.5584454], [127.0486154, 37.558467], [127.0485965, 37.5585261], [127.0485867, 37.5585586], [127.0486841, 37.5585651], [127.0486377, 37.5586719], [127.0485927, 37.5587962], [127.0483694, 37.558674], [127.0478859, 37.5584994]]]]}, "properties": {"id": "U046", "name": "한양대학교 서울캠퍼스", "school_type": "일반대학"}}, {"id": "U047", "type": "Feature", "geometry": {"type": "MultiPolygon", "coordinates": [[[[126.9256779, 37.5487468], [126.9256755, 37.5486493], [126.9256841, 37.5481589], [126.925518, 37.5480582], [126.9255065, 37.5478045], [126.9260024, 37.5477938], [126.9259803, 37.5487759], [126.9263538, 37.5487367], [126.9263571, 37.5490323], [126.9265334, 37.5490291], [126.9265278, 37.5492687], [126.9262761, 37.5492726], [126.9262831, 37.5494278], [126.9262933, 37.5495996], [126.9263057, 37.5498091], [126.9263038, 37.5499025], [126.9264569, 37.5498903], [126.9266662, 37.5500748], [126.9266592, 37.5502793], [126.9266656, 37.550431], [126.9266741, 37.5506339], [126.9266878, 37.5507231], [126.9267877, 37.550752], [126.9267828, 37.5508132], [126.9269651, 37.550792], [126.9270839, 37.5508008], [126.9272835, 37.5512861], [126.9275088, 37.5515965], [126.9265365, 37.55213], [126.9254832, 37.5526753], [126.9253408, 37.5528412], [126.9252006, 37.5529574], [126.9249225, 37.5528444], [126.9246414, 37.5527057], [126.9245018, 37.5528192], [126.9244524, 37.5528623], [126.9243119, 37.552803], [126.9240298, 37.5525078], [126.9241115, 37.5522748], [126.9240772, 37.5520594], [126.9241188, 37.5518015], [126.9242007, 37.5515715], [126.9242585, 37.5510514], [126.9241791, 37.549971], [126.9241743, 37.5499109], [126.9242601, 37.5492687], [126.9246578, 37.5492251], [126.9249804, 37.5491898], [126.925396, 37.5492687], [126.9255835, 37.5490765], [126.9257223, 37.5488152], [126.9257393, 37.5487832], [126.9256779, 37.5487468]]]]}, "properties": {"id": "U047", "name": "홍익대학교 서울캠퍼스", "school_type": "일반대학"}}, {"id": "V001", "type": "Feature", "geometry": {"type": "MultiPolygon", "coordinates": [[[[127.0309429, 37.5169946], [127.0309478, 37.5167798], [127.0311236, 37.5167823], [127.0311187, 37.5169971], [127.0309429, 37.5169946]]]]}, "properties": {"id": "V001", "name": "국제예술대학교", "school_type": "전공대학"}}, {"id": "V002", "type": "Feature", "geometry": {"type": "MultiPolygon", "coordinates": [[[[126.9845551, 37.5596558], [126.9851135, 37.5596493], [126.9851357, 37.559708], [126.9849747, 37.5597707], [126.9850297, 37.559958], [126.9849528, 37.5599995], [126.9849191, 37.5602216], [126.9848881, 37.5604887], [126.9847338, 37.5604782], [126.9847422, 37.5601889], [126.9845581, 37.560185], [126.9845585, 37.5599503], [126.9845579, 37.5598911], [126.9845577, 37.559882], [126.9845578, 37.5598252], [126.9845551, 37.5596558]]]]}, "properties": {"id": "V002", "name": "정화예술대학교", "school_type": "전공대학"}}]}